link,proteinName
D043203/,1-Alkyl-2-acetylglycerophosphocholine Esterase
D015088/,"2',5'-Oligoadenylate Synthetase"
D015105/,"3',5'-Cyclic-Nucleotide Phosphodiesterase"
D042942/,3-Methyl-2-Oxobutanoate Dehydrogenase (Lipoamide)
9606.ENSP00000315348/,3OST5
D000612/,4-Aminobutyrate Transaminase
D015720/,5'-Nucleotidase
D000624/,5-Aminolevulinate Synthetase
9606.ENSP00000263100/,A1BG
9606.ENSP00000323929/,A2M
9606.ENSP00000350133/,AAC1
9606.ENSP00000286479/,AAC2
9606.ENSP00000232892/,AADAC
9606.ENSP00000226840/,AADAT
9606.ENSP00000250615/,AANAT
9606.ENSP00000324196/,AATK
9606.ENSP00000268251/,ABAT
9606.ENSP00000297693/,ABCA1
9606.ENSP00000269081/,ABCA10
9606.ENSP00000272895/,ABCA12
9606.ENSP00000321973/,ABCA13
9606.ENSP00000347205/,ABCA2
9606.ENSP00000351376/,ABCA3
9606.ENSP00000354463/,ABCA4
9606.ENSP00000319766/,ABCA5
9606.ENSP00000284425/,ABCA6
9606.ENSP00000263094/,ABCA7
9606.ENSP00000348627/,ABCA8
9606.ENSP00000342216/,ABCA9
9606.ENSP00000265724/,ABCB1
9606.ENSP00000258256/,ABCB10
9606.ENSP00000263817/,ABCB11
9606.ENSP00000265723/,ABCB4
9606.ENSP00000258738/,ABCB5
9606.ENSP00000265316/,ABCB6
9606.ENSP00000253577/,ABCB7
9606.ENSP00000351234/,ABCB9
9606.ENSP00000263013/,ABCC1
9606.ENSP00000338064/,ABCC10
9606.ENSP00000240555/,ABCC11
9606.ENSP00000311030/,ABCC12
9606.ENSP00000323056/,ABCC13
9606.ENSP00000266063/,ABCC2
9606.ENSP00000285238/,ABCC3
9606.ENSP00000261295/,ABCC4
9606.ENSP00000333926/,ABCC5
9606.ENSP00000205557/,ABCC6
9606.ENSP00000303960/,ABCC8
9606.ENSP00000261201/,ABCC9
9606.ENSP00000218104/,ABCD1
9606.ENSP00000310688/,ABCD2
9606.ENSP00000263889/,ABCD3
9606.ENSP00000349396/,ABCD4
9606.ENSP00000296577/,ABCE1
9606.ENSP00000313603/,ABCF1
9606.ENSP00000222388/,ABCF2
9606.ENSP00000343820/,ABCG1
9606.ENSP00000237612/,ABCG2
9606.ENSP00000304111/,ABCG4
9606.ENSP00000260645/,ABCG5
9606.ENSP00000272286/,ABCG8
9606.ENSP00000326491/,ABHD1
9606.ENSP00000013894/,ABHD5
9606.ENSP00000298467/,ABL1
9606.ENSP00000354193/,ABP1
9606.ENSP00000195455/,AC1
9606.ENSP00000333664/,ACAA1
9606.ENSP00000285093/,ACAA2
9606.ENSP00000344789/,ACACA
9606.ENSP00000341044/,ACACB
9606.ENSP00000225823/,ACCN1
9606.ENSP00000297504/,ACCN3
9606.ENSP00000350786/,ACCN4
9606.ENSP00000264432/,ACCN5
9606.ENSP00000290866/,ACE
9606.ENSP00000252519/,ACE2
9606.ENSP00000350037/,ACHE
9606.ENSP00000253792/,ACLY
9606.ENSP00000348459/,ACMSD
9606.ENSP00000309477/,ACO1
9606.ENSP00000216254/,ACO2
9606.ENSP00000301608/,ACOX1
9606.ENSP00000216139/,ACR
9606.ENSP00000239584/,ACTL
9606.ENSP00000263640/,ACVR1
9606.ENSP00000257963/,ACVR1B
9606.ENSP00000243349/,ACVR1C
9606.ENSP00000340361/,ACVR2B
9606.ENSP00000267008/,ACVRL1
9606.ENSP00000352331/,ADA
9606.ENSP00000309968/,ADAM17
9606.ENSP00000265707/,ADAM18
9606.ENSP00000257527/,ADAM19
9606.ENSP00000265769/,ADAM28
9606.ENSP00000330560/,ADAM29
9606.ENSP00000256645/,ADAM30
9606.ENSP00000348912/,ADAM33
9606.ENSP00000284984/,ADAMTS1
9606.ENSP00000270328/,ADAMTS10
9606.ENSP00000344847/,ADAMTS12
9606.ENSP00000321395/,ADAMTS13
9606.ENSP00000299279/,ADAMTS14
9606.ENSP00000299164/,ADAMTS15
9606.ENSP00000251582/,ADAMTS2
9606.ENSP00000309332/,ADAMTS20
9606.ENSP00000286657/,ADAMTS3
9606.ENSP00000319757/,ADAMTS4
9606.ENSP00000284987/,ADAMTS5
9606.ENSP00000261306/,ADAMTS6
9606.ENSP00000257359/,ADAMTS8
9606.ENSP00000295903/,ADAMTS9
9606.ENSP00000276935/,ADAMTSL1
9606.ENSP00000286744/,ADAMTSL3
9606.ENSP00000292205/,ADAR
9606.ENSP00000329642/,ADARB2
9606.ENSP00000310015/,ADAT1
9606.ENSP00000297323/,ADCY1
9606.ENSP00000264672/,ADCY2
9606.ENSP00000312126/,ADCY4
9606.ENSP00000308685/,ADCY5
9606.ENSP00000311405/,ADCY6
9606.ENSP00000254235/,ADCY7
9606.ENSP00000286355/,ADCY8
9606.ENSP00000294016/,ADCY9
9606.ENSP00000269200/,ADCYAP1
9606.ENSP00000341785/,ADIPOR1
9606.ENSP00000286621/,ADK
9606.ENSP00000308549/,ADORA1
9606.ENSP00000351480/,ADORA2A
9606.ENSP00000304501/,ADORA2B
9606.ENSP00000235097/,ADORA3
9606.ENSP00000216180/,ADPN
9606.ENSP00000306662/,ADRA1B
9606.ENSP00000348729/,ADRA1C
9606.ENSP00000303199/,ADRA1D
9606.ENSP00000280155/,ADRA2A
9606.ENSP00000320944/,ADRA2B
9606.ENSP00000046967/,ADRB1
9606.ENSP00000305372/,ADRB2
9606.ENSP00000343782/,ADRB3
9606.ENSP00000312262/,ADRBK1
9606.ENSP00000317578/,ADRBK2
9606.ENSP00000216194/,ADSL
9606.ENSP00000223357/,AEBP1
9606.ENSP00000348494/,AFG3L1
9606.ENSP00000268134/,AGC1
9606.ENSP00000316109/,AGGF1
9606.ENSP00000309020/,AGL
9606.ENSP00000337463/,AGPAT1
9606.ENSP00000312239/,AGPAT2
9606.ENSP00000332989/,AGPAT3
9606.ENSP00000314036/,AGPAT4
9606.ENSP00000285518/,AGPAT5
9606.ENSP00000289657/,AGPAT6
9606.ENSP00000332258/,AGRP1
9606.ENSP00000273430/,AGTR1
9606.ENSP00000325962/,AGTR2
9606.ENSP00000319713/,AGTRAP
9606.ENSP00000302620/,AGXT
9606.ENSP00000231420/,AGXT2
9606.ENSP00000296486/,AGXT2L1
9606.ENSP00000262749/,AKR1A1
9606.ENSP00000285930/,AKR1B1
9606.ENSP00000352584/,AKR1B10
9606.ENSP00000324589/,AKR1C1
9606.ENSP00000235835/,AKR7A2
9606.ENSP00000270202/,AKT1
9606.ENSP00000309428/,AKT2
9606.ENSP00000025035/,ALAS1
9606.ENSP00000350830/,ALAS2
9606.ENSP00000295897/,ALB
9606.ENSP00000305988/,ALCAM
9606.ENSP00000297785/,ALDH1A1
9606.ENSP00000259658/,ALDH1B1
9606.ENSP00000261733/,ALDH2
9606.ENSP00000334590/,ALDH3A1
9606.ENSP00000345774/,ALDH3A2
9606.ENSP00000297542/,ALDH7A1
9606.ENSP00000271359/,ALDH9A1
9606.ENSP00000306717/,ALK
9606.ENSP00000251535/,ALOX12
9606.ENSP00000315167/,ALOX12B
9606.ENSP00000293761/,ALOX15
9606.ENSP00000316970/,ALOX15B
9606.ENSP00000265455/,ALOX5
9606.ENSP00000314879/,ALOXE3
9606.ENSP00000265132/,AMBP
9606.ENSP00000243227/,AMD1
D000659/,AMP Deaminase
9606.ENSP00000235392/,AMPD1
9606.ENSP00000256578/,AMPD2
9606.ENSP00000256183/,AMPD3
9606.ENSP00000306915/,AMY2A
9606.ENSP00000330484/,AMY2B
9606.ENSP00000297450/,ANGPT1
9606.ENSP00000314897/,ANGPT2
9606.ENSP00000262924/,ANGPT4
9606.ENSP00000353685/,ANKRD21
9606.ENSP00000300060/,ANPEP
9606.ENSP00000257497/,ANXA1
9606.ENSP00000352248/,ANXA10
9606.ENSP00000341005/,ANXA11
9606.ENSP00000262219/,ANXA13
9606.ENSP00000346032/,ANXA2
9606.ENSP00000264908/,ANXA3
9606.ENSP00000347164/,ANXA4
9606.ENSP00000296511/,ANXA5
9606.ENSP00000346550/,ANXA6
9606.ENSP00000277916/,ANXA7
9606.ENSP00000352943/,ANXA8
9606.ENSP00000271679/,ANXA9
9606.ENSP00000258749/,AOAH
9606.ENSP00000253799/,AOC2
9606.ENSP00000312326/,AOC3
9606.ENSP00000236251/,AOP2
9606.ENSP00000353059/,APAF1
9606.ENSP00000255040/,APCS
9606.ENSP00000289906/,APOA2
9606.ENSP00000350425/,APOA4
9606.ENSP00000227665/,APOA5
9606.ENSP00000233242/,APOB
9606.ENSP00000252491/,APOC1
9606.ENSP00000252489/,APOC4
9606.ENSP00000345179/,APOD
9606.ENSP00000252486/,APOE
9606.ENSP00000311037/,APOF
9606.ENSP00000317674/,APOL1
9606.ENSP00000344577/,APOL3
9606.ENSP00000303529/,APOL6
9606.ENSP00000229690/,APOM
9606.ENSP00000284981/,APP
9606.ENSP00000314151/,APS
9606.ENSP00000199280/,AQP2
9606.ENSP00000293599/,AQP5
9606.ENSP00000326884/,ARFRP1
9606.ENSP00000269260/,ARRB2
9606.ENSP00000354503/,ARSE
9606.ENSP00000296754/,ARTS1
9606.ENSP00000223657/,ASPN
9606.ENSP00000253004/,ASS
9606.ENSP00000343674/,ASTL
9606.ENSP00000278616/,ATM
D018528/,ATP-Binding Cassette Transporters
9606.ENSP00000251207/,ATP1A2
9606.ENSP00000302397/,ATP1A3
9606.ENSP00000281620/,ATP8A2
9606.ENSP00000299178/,AVPR1A
9606.ENSP00000347015/,AVPR1B
9606.ENSP00000338072/,AVPR2
D000102/,Acetyl-CoA C-Acyltransferase
D000103/,Acetyl-CoA Carboxylase
D000110/,Acetylcholinesterase
D000123/,Acetyltransferases
D000154/,Aconitate Hydratase
D000209/,Acute-Phase Proteins
D000217/,Acyltransferases
D000243/,Adenosine Deaminase
D012437/,Adenosylmethionine Decarboxylase
D000262/,Adenylate Cyclase
D000264/,Adenylosuccinate Lyase
D000410/,Alanine Transaminase
D000418/,Albumins
D000444/,Aldehyde Dehydrogenase
D000449/,Aldehyde Reductase
D019405/,Aldosterone Synthase
D000510/,Alpha-Globulins
D006631/,Amine Oxidase (Copper-Containing)
D027062/,Amino Acid Transport System L
D026905/,Amino Acid Transport Systems
D000681/,Amylases
D016229/,Amyloid beta-Protein
D042501/,Angiogenic Proteins
D001457/,"Anion Exchange Protein 1, Erythrocyte"
D017305/,Annexin A1
D017306/,Annexin A2
D017310/,Annexin A7
D017302/,Annexins
D000974/,"Antibodies, Antinuclear"
D018819/,"Antigens, CD26"
D018955/,"Antigens, CD36"
D034961/,"Antigens, Nuclear"
D017920/,Antiporters
D000990/,Antithrombin III
D016632/,Apolipoprotein A-I
D016633/,Apolipoprotein A-II
D001053/,Apolipoproteins
D001054/,Apolipoproteins A
D001055/,Apolipoproteins B
D001056/,Apolipoproteins C
D001057/,Apolipoproteins E
D001059/,Apoproteins
D001093/,Arachidonate 15-Lipoxygenase
D001094/,Arachidonate 5-Lipoxygenase
D001091/,Arachidonate Lipoxygenases
D001124/,Argininosuccinate Synthase
D001141/,Aromatase
D001189/,Aryl Hydrocarbon Hydroxylases
D043303/,Aryldialkylphosphatase
D015239/,Arylsulfotransferase
D001219/,Aspartate Aminotransferases
9606.ENSP00000342382/,B144
9606.ENSP00000307875/,B3GAT1
9606.ENSP00000230053/,B3GAT2
9606.ENSP00000265471/,B3GAT3
9606.ENSP00000259407/,BAAT
9606.ENSP00000313046/,BAI1
9606.ENSP00000293288/,BAX
9606.ENSP00000261192/,BCAT1
9606.ENSP00000322991/,BCAT2
9606.ENSP00000264381/,BCHE
9606.ENSP00000269980/,BCKDHA
9606.ENSP00000318351/,BCKDHB
9606.ENSP00000353498/,BCL2
9606.ENSP00000302564/,BCL2L1
9606.ENSP00000350311/,BCL2L11
9606.ENSP00000250405/,BCL2L2
9606.ENSP00000303507/,BCR
9606.ENSP00000216629/,BDKRB1
9606.ENSP00000307713/,BDKRB2
9606.ENSP00000320002/,BDNF
9606.ENSP00000342318/,BGN
9606.ENSP00000274353/,BHMT
9606.ENSP00000255192/,BHMT2
9606.ENSP00000224764/,BMPR1A
9606.ENSP00000264568/,BMPR1B
9606.ENSP00000308774/,BMX
9606.ENSP00000339866/,BPAG2
9606.ENSP00000335053/,BPHL
9606.ENSP00000337814/,BRCA1
9606.ENSP00000267071/,BRCA2
D024682/,BRCA2 Protein
9606.ENSP00000301785/,BSCL2
9606.ENSP00000294379/,BSND
9606.ENSP00000337233/,BTK
9606.ENSP00000338004/,BZRP
D001779/,Blood Coagulation Factors
D019208/,Brain-Derived Neurotrophic Factor
D002091/,Butyrylcholinesterase
D002097/,C-Reactive Protein
9606.ENSP00000313399/,C15orf21
9606.ENSP00000245907/,C3
9606.ENSP00000264304/,C4BPA
9606.ENSP00000256119/,CA1
9606.ENSP00000178638/,CA12
9606.ENSP00000318912/,CA13
9606.ENSP00000237041/,CA14
9606.ENSP00000285379/,CA2
9606.ENSP00000285381/,CA3
9606.ENSP00000300900/,CA4
9606.ENSP00000309649/,CA5A
9606.ENSP00000314099/,CA5B
9606.ENSP00000253987/,CA6
9606.ENSP00000345659/,CA7
9606.ENSP00000314407/,CA8
9606.ENSP00000291153/,CA9
9606.ENSP00000353362/,CACNA1A
9606.ENSP00000277549/,CACNA1B
9606.ENSP00000266376/,CACNA1C
9606.ENSP00000288139/,CACNA1D
9606.ENSP00000350183/,CACNA1E
9606.ENSP00000321618/,CACNA1F
9606.ENSP00000350979/,CACNA1G
9606.ENSP00000351401/,CACNA1H
9606.ENSP00000337829/,CACNA1I
9606.ENSP00000263942/,CACNA1S
9606.ENSP00000349320/,CACNA2D1
9606.ENSP00000354228/,CACNA2D2
9606.ENSP00000288197/,CACNA2D3
9606.ENSP00000280663/,CACNA2D4
9606.ENSP00000201943/,CACNB1
9606.ENSP00000320025/,CACNB2
9606.ENSP00000301050/,CACNB3
9606.ENSP00000330916/,CACNB4
9606.ENSP00000226021/,CACNG1
9606.ENSP00000300105/,CACNG2
9606.ENSP00000262138/,CACNG4
9606.ENSP00000222212/,CACNG7
9606.ENSP00000272298/,CALM1
9606.ENSP00000315299/,CALML3
9606.ENSP00000296435/,CAMP
9606.ENSP00000279247/,CAPN1
9606.ENSP00000296777/,CART
9606.ENSP00000260309/,CASP1
9606.ENSP00000221740/,CASP14
9606.ENSP00000312664/,CASP2
9606.ENSP00000311032/,CASP3
9606.ENSP00000347741/,CASP4
9606.ENSP00000260315/,CASP5
9606.ENSP00000265164/,CASP6
9606.ENSP00000298700/,CASP7
9606.ENSP00000351273/,CASP8
9606.ENSP00000330237/,CASP9
9606.ENSP00000298085/,CAT3
9606.ENSP00000309052/,CATSPER1
9606.ENSP00000295589/,CCKAR
9606.ENSP00000335544/,CCKBR
9606.ENSP00000225842/,CCL1
9606.ENSP00000302234/,CCL11
9606.ENSP00000225844/,CCL13
9606.ENSP00000293277/,CCL15
9606.ENSP00000293275/,CCL16
9606.ENSP00000219244/,CCL17
9606.ENSP00000004921/,CCL18
9606.ENSP00000308815/,CCL19
9606.ENSP00000225831/,CCL2
9606.ENSP00000351671/,CCL20
9606.ENSP00000259607/,CCL21
9606.ENSP00000219235/,CCL22
9606.ENSP00000293280/,CCL23
9606.ENSP00000222902/,CCL24
9606.ENSP00000253451/,CCL25
9606.ENSP00000005180/,CCL26
9606.ENSP00000259631/,CCL27
9606.ENSP00000281629/,CCL28
9606.ENSP00000225245/,CCL3
9606.ENSP00000353298/,CCL4
9606.ENSP00000293272/,CCL5
9606.ENSP00000200307/,CCL7
9606.ENSP00000225840/,CCL8
9606.ENSP00000255465/,CCNA1
9606.ENSP00000274026/,CCNA2
9606.ENSP00000256442/,CCNB1
9606.ENSP00000288207/,CCNB2
9606.ENSP00000276014/,CCNB3
9606.ENSP00000319027/,CCNC
9606.ENSP00000227507/,CCND1
9606.ENSP00000261254/,CCND2
9606.ENSP00000230338/,CCND3
9606.ENSP00000309181/,CCNE2
9606.ENSP00000293968/,CCNF
9606.ENSP00000342791/,CCNG1
9606.ENSP00000315743/,CCNG2
9606.ENSP00000256897/,CCNH
9606.ENSP00000237654/,CCNI
9606.ENSP00000261900/,CCNT1
9606.ENSP00000264157/,CCNT2
9606.ENSP00000313419/,CD19
9606.ENSP00000354480/,CD1A
9606.ENSP00000324890/,CD28
9606.ENSP00000353555/,CD36
D023201/,CD40 Ligand
9606.ENSP00000221972/,CD79A
9606.ENSP00000006750/,CD79B
9606.ENSP00000262078/,CD83
9606.ENSP00000354818/,CDC42BPB
9606.ENSP00000217446/,CDC91L1
9606.ENSP00000268613/,CDH13
9606.ENSP00000266970/,CDK2
9606.ENSP00000257904/,CDK4
9606.ENSP00000244741/,CDKN1A
9606.ENSP00000228872/,CDKN1B
9606.ENSP00000349971/,CEACAM3
9606.ENSP00000221992/,CEACAM5
9606.ENSP00000304021/,CEL
9606.ENSP00000328160/,CENTG1
9606.ENSP00000200676/,CETP
9606.ENSP00000251424/,CFHL4
9606.ENSP00000003084/,CFTR
9606.ENSP00000260706/,CH25H
9606.ENSP00000258969/,CHAD
9606.ENSP00000337103/,CHAT
9606.ENSP00000319851/,CHDH
9606.ENSP00000278916/,CHEK1
9606.ENSP00000341828/,CHIA
9606.ENSP00000355262/,CHIT1
9606.ENSP00000336707/,CHKB
9606.ENSP00000299847/,CHRFAM7A
9606.ENSP00000306490/,CHRM1
9606.ENSP00000319984/,CHRM2
9606.ENSP00000261007/,CHRNA1
9606.ENSP00000250699/,CHRNA10
9606.ENSP00000240132/,CHRNA2
9606.ENSP00000315602/,CHRNA3
9606.ENSP00000217176/,CHRNA4
9606.ENSP00000276410/,CHRNA6
9606.ENSP00000303727/,CHRNA7
9606.ENSP00000312663/,CHRNA9
9606.ENSP00000304290/,CHRNB1
9606.ENSP00000292212/,CHRNB2
9606.ENSP00000258385/,CHRND
9606.ENSP00000293780/,CHRNE
9606.ENSP00000309270/,CHST1
9606.ENSP00000264249/,CHST10
9606.ENSP00000305725/,CHST11
9606.ENSP00000258711/,CHST12
9606.ENSP00000317404/,CHST13
9606.ENSP00000307911/,CHST2
9606.ENSP00000242466/,CHST3
9606.ENSP00000341206/,CHST4
9606.ENSP00000338783/,CHST5
9606.ENSP00000328983/,CHST6
9606.ENSP00000276055/,CHST7
9606.ENSP00000262622/,CHST8
9606.ENSP00000284224/,CHST9
9606.ENSP00000254190/,CHSY1
9606.ENSP00000266054/,CHUK
9606.ENSP00000299198/,CKB
9606.ENSP00000330061/,CKLFSF1
9606.ENSP00000307741/,CKLFSF8
9606.ENSP00000221476/,CKM
9606.ENSP00000300283/,CKMT
9606.ENSP00000254035/,CKMT2
9606.ENSP00000261693/,CLA1
9606.ENSP00000221804/,CLC
9606.ENSP00000339452/,CLCA1
9606.ENSP00000260541/,CLCA2
9606.ENSP00000284054/,CLCA3
9606.ENSP00000263723/,CLCA4
9606.ENSP00000339867/,CLCN1
9606.ENSP00000265593/,CLCN2
9606.ENSP00000353857/,CLCN3
9606.ENSP00000262649/,CLCN4
9606.ENSP00000304257/,CLCN5
9606.ENSP00000234487/,CLCN6
9606.ENSP00000262318/,CLCN7
9606.ENSP00000332771/,CLCNKA
9606.ENSP00000349974/,CLCNKB
9606.ENSP00000331877/,CLDN5
9606.ENSP00000211475/,CLIC1
9606.ENSP00000286431/,CLIC2
9606.ENSP00000224152/,CLIC3
9606.ENSP00000306292/,CLIC4
9606.ENSP00000290332/,CLIC6
9606.ENSP00000263309/,CLNS1A
9606.ENSP00000245816/,CLPP
9606.ENSP00000300107/,CLPX
9606.ENSP00000269122/,CLTC
9606.ENSP00000263200/,CLTCL1
9606.ENSP00000250378/,CMA1
9606.ENSP00000268595/,CMTM2
9606.ENSP00000353199/,CMTM3
9606.ENSP00000325548/,CNDP2
9606.ENSP00000351320/,CNGA1
9606.ENSP00000309643/,CNP
9606.ENSP00000306843/,CNR1
9606.ENSP00000339030/,CNTF
9606.ENSP00000242338/,CNTFR
9606.ENSP00000354554/,COB
9606.ENSP00000258255/,COG2
9606.ENSP00000243222/,COL10A1
9606.ENSP00000351163/,COL11A1
9606.ENSP00000339915/,COL11A2
9606.ENSP00000325146/,COL12A1
9606.ENSP00000348695/,COL13A1
9606.ENSP00000311809/,COL14A1
9606.ENSP00000271069/,COL16A1
9606.ENSP00000352798/,COL18A1
9606.ENSP00000225964/,COL1A1
9606.ENSP00000297268/,COL1A2
9606.ENSP00000244728/,COL21A1
9606.ENSP00000303153/,COL22A1
9606.ENSP00000261955/,COL23A1
9606.ENSP00000329626/,COL25A1
9606.ENSP00000352347/,COL27A1
9606.ENSP00000346511/,COL2A1
9606.ENSP00000304408/,COL3A1
9606.ENSP00000345490/,COL4A1
9606.ENSP00000347828/,COL4A3
9606.ENSP00000354505/,COL4A5
9606.ENSP00000355057/,COL4A6
9606.ENSP00000347458/,COL5A1
9606.ENSP00000355180/,COL6A1
9606.ENSP00000300527/,COL6A2
9606.ENSP00000295550/,COL6A3
9606.ENSP00000332371/,COL7A1
9606.ENSP00000305913/,COL8A2
9606.ENSP00000351586/,COL9A1
9606.ENSP00000006342/,COL9A2
9606.ENSP00000341640/,COL9A3
9606.ENSP00000222271/,COMP
9606.ENSP00000207636/,COMT
9606.ENSP00000333946/,COQ6
9606.ENSP00000273857/,CORIN
9606.ENSP00000317110/,CORT
9606.ENSP00000264613/,CP
9606.ENSP00000011292/,CPA1
9606.ENSP00000222481/,CPA2
9606.ENSP00000222482/,CPA4
9606.ENSP00000324497/,CPA5
9606.ENSP00000297770/,CPAH
9606.ENSP00000291440/,CPAMD8
9606.ENSP00000282957/,CPB1
9606.ENSP00000181383/,CPB2
9606.ENSP00000261510/,CPE
9606.ENSP00000339157/,CPM
9606.ENSP00000265641/,CPT1A
9606.ENSP00000319343/,CPT1C
9606.ENSP00000287862/,CPT2
9606.ENSP00000265394/,CPVL
9606.ENSP00000354255/,CPZ
9606.ENSP00000299529/,CRABP1
9606.ENSP00000271558/,CRABP2
9606.ENSP00000315013/,CRAT
9606.ENSP00000232219/,CRBP1
9606.ENSP00000232217/,CRBP2
9606.ENSP00000236996/,CREB1
9606.ENSP00000262367/,CREBBP
9606.ENSP00000293709/,CREBL1
9606.ENSP00000346300/,CRKL
9606.ENSP00000323696/,CRTAP
9606.ENSP00000263416/,CRYZ
9606.ENSP00000342056/,CS
9606.ENSP00000327513/,CSF1
9606.ENSP00000286301/,CSF1R
9606.ENSP00000296871/,CSF2
9606.ENSP00000350610/,CSF2RA
9606.ENSP00000262825/,CSF2RB
9606.ENSP00000355406/,CSF3R
9606.ENSP00000220003/,CSK
9606.ENSP00000330523/,CTHRC1
9606.ENSP00000344456/,CTNNB1
9606.ENSP00000303963/,CTRB1
9606.ENSP00000294427/,CTRC
9606.ENSP00000268782/,CTRL
9606.ENSP00000345672/,CTSB
9606.ENSP00000227266/,CTSC
9606.ENSP00000236671/,CTSD
9606.ENSP00000006053/,CX3CL1
9606.ENSP00000296031/,CXCL1
9606.ENSP00000305651/,CXCL10
9606.ENSP00000306884/,CXCL11
9606.ENSP00000339913/,CXCL12
9606.ENSP00000286758/,CXCL13
9606.ENSP00000337065/,CXCL14
9606.ENSP00000293778/,CXCL16
9606.ENSP00000264492/,CXCL2
9606.ENSP00000296026/,CXCL3
9606.ENSP00000296027/,CXCL5
9606.ENSP00000226317/,CXCL6
9606.ENSP00000354901/,CXCL9
9606.ENSP00000341625/,CYB5
9606.ENSP00000261623/,CYBA
9606.ENSP00000294072/,CYBASC3
9606.ENSP00000297870/,CYBB
9606.ENSP00000319141/,CYBRD1
9606.ENSP00000317159/,CYC1
9606.ENSP00000307786/,CYCS
9606.ENSP00000293230/,CYGB
9606.ENSP00000268053/,CYP11A1
9606.ENSP00000292427/,CYP11B1
9606.ENSP00000325822/,CYP11B2
9606.ENSP00000278017/,CYP17A1
9606.ENSP00000260433/,CYP19A1
9606.ENSP00000268062/,CYP1A1
9606.ENSP00000342007/,CYP1A2
9606.ENSP00000260630/,CYP1B1
9606.ENSP00000264278/,CYP20A1
9606.ENSP00000303875/,CYP21A2
9606.ENSP00000216862/,CYP24A1
9606.ENSP00000224356/,CYP26A1
9606.ENSP00000001146/,CYP26B1
9606.ENSP00000285949/,CYP26C1
9606.ENSP00000258415/,CYP27A1
9606.ENSP00000228606/,CYP27B1
9606.ENSP00000332679/,CYP2A13
9606.ENSP00000301141/,CYP2A6
9606.ENSP00000301146/,CYP2A7
9606.ENSP00000324648/,CYP2B6
9606.ENSP00000285979/,CYP2C18
9606.ENSP00000285981/,CYP2C19
9606.ENSP00000285985/,CYP2C8
9606.ENSP00000260682/,CYP2C9
9606.ENSP00000346625/,CYP2D6
9606.ENSP00000252945/,CYP2E1
9606.ENSP00000333534/,CYP2F1
9606.ENSP00000346110/,CYP2G1P
9606.ENSP00000257149/,CYP2J2
9606.ENSP00000334592/,CYP2R1
9606.ENSP00000301173/,CYP2S1
9606.ENSP00000333212/,CYP2U1
9606.ENSP00000310149/,CYP2W1
9606.ENSP00000275016/,CYP39A1
9606.ENSP00000337915/,CYP3A4
9606.ENSP00000222382/,CYP3A43
9606.ENSP00000222982/,CYP3A5
9606.ENSP00000292414/,CYP3A7
9606.ENSP00000261835/,CYP46A1
9606.ENSP00000311095/,CYP4A11
9606.ENSP00000294337/,CYP4A22
9606.ENSP00000271153/,CYP4B1
9606.ENSP00000319859/,CYP4F11
9606.ENSP00000321821/,CYP4F12
9606.ENSP00000221700/,CYP4F2
9606.ENSP00000221307/,CYP4F3
9606.ENSP00000314398/,CYP4F8
9606.ENSP00000334954/,CYP4X1
9606.ENSP00000334246/,CYP4Z1
9606.ENSP00000003100/,CYP51A1
9606.ENSP00000301645/,CYP7A1
9606.ENSP00000310721/,CYP7B1
9606.ENSP00000318867/,CYP8B1
9606.ENSP00000348240/,CYPA
9606.ENSP00000312492/,CYSLTR1
9606.ENSP00000282018/,CYSLTR2
D019703/,Calcineurin
D015220/,Calcium Channels
D020746/,"Calcium Channels, L-Type"
D020747/,"Calcium Channels, T-Type"
D002135/,Calcium-Binding Proteins
D040502/,Calgranulin B
D002147/,Calmodulin
D002256/,Carbonic Anhydrases
D043182/,Carboxylesterase
D002265/,Carboxylic Ester Hydrolases
D002272/,Carcinoembryonic Antigen
D002333/,Carnitine Acyltransferases
D002332/,Carnitine O-Acetyltransferase
D002334/,Carnitine O-Palmitoyltransferase
D020169/,Caspases
D002374/,Catalase
D002394/,Catechol O-Methyltransferase
D004156/,Catechol Oxidase
D050482/,Catecholamine Plasma Membrane Transport Proteins
D002401/,Cathepsin B
D018797/,Cell Cycle Proteins
D018932/,Chemokine CCL2
D018925/,Chemokines
D002688/,Chitinase
D018118/,Chloride Channels
D002790/,Cholesterol 7-alpha-Hydroxylase
D002787/,Cholesterol Esterase
D002786/,Cholesterol Side-Chain Cleavage Enzyme
D008076/,"Cholesterol, HDL"
D008078/,"Cholesterol, LDL"
D002795/,Choline O-Acetyltransferase
D002802/,Cholinesterases
D002918/,Chymotrypsin
D002966/,Clathrin
D003094/,Collagen
D017364/,Collagenases
D011415/,Complement Factor B
D018031/,Connexin 43
D003285/,Contractile Proteins
D003402/,Creatine Kinase
D017868/,Cyclic AMP-Dependent Protein Kinases
D017869/,Cyclic GMP-Dependent Protein Kinases
D019925/,Cyclin A
D019938/,Cyclin D1
D016213/,Cyclins
D021984/,Cyclophilin A
D019363/,Cytochrome P-450 CYP1A1
D019389/,Cytochrome P-450 CYP2D6
D019392/,Cytochrome P-450 CYP2E1
D003577/,Cytochrome P-450 Enzyme System
D015786/,Cytochromes b5
9606.ENSP00000307297/,D4ST1
9606.ENSP00000263611/,DBH
9606.ENSP00000311117/,DBI
9606.ENSP00000253462/,DC5
9606.ENSP00000286648/,DCK
D003844/,DCMP Deaminase
9606.ENSP00000052754/,DCN
9606.ENSP00000321571/,DCTD
9606.ENSP00000303356/,DCXR
9606.ENSP00000339928/,DDC
9606.ENSP00000318217/,DDR1
9606.ENSP00000341654/,DDR2
9606.ENSP00000319126/,DEFB112
9606.ENSP00000312702/,DEFB114
9606.ENSP00000326309/,DEFB124
9606.ENSP00000280557/,DENR
9606.ENSP00000332139/,DF
9606.ENSP00000339587/,DFNA5
9606.ENSP00000228027/,DGAT2
9606.ENSP00000276101/,DGAT2L4
9606.ENSP00000331681/,DGCR6
9606.ENSP00000264093/,DGUOK
9606.ENSP00000302637/,DHFR
9606.ENSP00000313925/,DHTR
9606.ENSP00000267169/,DIABLO
9606.ENSP00000353425/,DINB1
9606.ENSP00000355248/,DIO1
9606.ENSP00000355413/,DIO2
9606.ENSP00000352273/,DIO3
9606.ENSP00000314068/,DIXDC1
9606.ENSP00000280346/,DLAT
9606.ENSP00000335304/,DLST
9606.ENSP00000307959/,DMH
D004256/,DNA Polymerase I
D026942/,DNA Topoisomerases
D004264/,"DNA Topoisomerases, Type I"
D004250/,"DNA Topoisomerases, Type II"
D004259/,DNA-Directed DNA Polymerase
9606.ENSP00000273075/,DNPEP
9606.ENSP00000261615/,DPEP1
9606.ENSP00000268795/,DPEP2
9606.ENSP00000268793/,DPEP3
9606.ENSP00000309066/,DPP10
9606.ENSP00000353731/,DPP4
9606.ENSP00000319687/,DPP7
9606.ENSP00000339208/,DPP8
9606.ENSP00000350583/,DPP9
9606.ENSP00000271131/,DPYD
9606.ENSP00000276651/,DPYS
9606.ENSP00000327652/,DRD1
9606.ENSP00000347474/,DRD2
9606.ENSP00000295881/,DRD3
9606.ENSP00000306129/,DRD5
9606.ENSP00000282478/,DSPP
9606.ENSP00000288943/,DUSP2
9606.ENSP00000240343/,DYNLL2
D003842/,Deoxycytidine Kinase
D004186/,Disaccharidases
D004296/,Dopa Decarboxylase
D050483/,Dopamine Plasma Membrane Transport Proteins
D004299/,Dopamine beta-Hydroxylase
D019040/,E-Selectin
9606.ENSP00000221847/,EBI3
9606.ENSP00000264205/,ECE1
9606.ENSP00000344204/,ECE2
9606.ENSP00000302051/,ECEL1
9606.ENSP00000352279/,ECGF1
9606.ENSP00000248508/,ECHS1
9606.ENSP00000271629/,ECM1
9606.ENSP00000223661/,ECM2
9606.ENSP00000075232/,EDN1
9606.ENSP00000337128/,EDN3
9606.ENSP00000343922/,EDNRB
9606.ENSP00000338508/,EEF1B2
9606.ENSP00000307940/,EEF2
9606.ENSP00000347596/,EFEMP1
9606.ENSP00000309953/,EFEMP2
9606.ENSP00000275493/,EGFR
9606.ENSP00000258246/,EGLN1
9606.ENSP00000239938/,EGR1
9606.ENSP00000220325/,EHD4
9606.ENSP00000231887/,EHHADH
9606.ENSP00000298728/,EHMT1
9606.ENSP00000288660/,EIF1AP1
9606.ENSP00000312337/,EIF1AX
9606.ENSP00000354722/,EIF1AY
9606.ENSP00000228958/,EIF2B1
9606.ENSP00000266126/,EIF2B2
9606.ENSP00000353575/,EIF2B3
9606.ENSP00000345766/,EIF2B4
9606.ENSP00000273783/,EIF2B5
9606.ENSP00000207451/,EIF2C1
9606.ENSP00000220592/,EIF2C2
9606.ENSP00000256383/,EIF2S1
9606.ENSP00000246201/,EIF2S2
9606.ENSP00000253039/,EIF2S3
9606.ENSP00000261868/,EIF3S1
9606.ENSP00000263141/,EIF3S10
9606.ENSP00000197492/,EIF3S2
9606.ENSP00000276682/,EIF3S3
9606.ENSP00000253108/,EIF3S4
9606.ENSP00000310040/,EIF3S5
9606.ENSP00000216190/,EIF3S7
9606.ENSP00000332604/,EIF3S8
9606.ENSP00000316638/,EIF3S9
9606.ENSP00000293831/,EIF4A1
9606.ENSP00000326381/,EIF4A2
9606.ENSP00000262056/,EIF4B
9606.ENSP00000280892/,EIF4E
9606.ENSP00000340691/,EIF4EBP1
9606.ENSP00000277938/,EIF4EBP2
9606.ENSP00000323737/,EIF4G1
9606.ENSP00000340281/,EIF4G2
9606.ENSP00000264211/,EIF4G3
9606.ENSP00000216554/,EIF5
9606.ENSP00000336702/,EIF5A
9606.ENSP00000289371/,EIF5B
9606.ENSP00000293636/,ELA1
9606.ENSP00000263621/,ELA2
9606.ENSP00000352639/,ELA2A
9606.ENSP00000290122/,ELA3B
9606.ENSP00000313565/,ELN
9606.ENSP00000265162/,ENPEP
9606.ENSP00000350964/,ENPP1
9606.ENSP00000259486/,ENPP2
9606.ENSP00000350265/,ENPP3
9606.ENSP00000350821/,ENPP6
9606.ENSP00000332656/,ENPP7
9606.ENSP00000176183/,ENSP00000176183
9606.ENSP00000188790/,ENSP00000188790
9606.ENSP00000205214/,ENSP00000205214
9606.ENSP00000207437/,ENSP00000207437
9606.ENSP00000209929/,ENSP00000209929
9606.ENSP00000215750/,ENSP00000215750
9606.ENSP00000216200/,ENSP00000216200
9606.ENSP00000216279/,ENSP00000216279
9606.ENSP00000216951/,ENSP00000216951
9606.ENSP00000218368/,ENSP00000218368
9606.ENSP00000219320/,ENSP00000219320
9606.ENSP00000221249/,ENSP00000221249
9606.ENSP00000223298/,ENSP00000223298
9606.ENSP00000223366/,ENSP00000223366
9606.ENSP00000226359/,ENSP00000226359
9606.ENSP00000227666/,ENSP00000227666
9606.ENSP00000227667/,ENSP00000227667
9606.ENSP00000228468/,ENSP00000228468
9606.ENSP00000231683/,ENSP00000231683
9606.ENSP00000231706/,ENSP00000231706
9606.ENSP00000234111/,ENSP00000234111
9606.ENSP00000236850/,ENSP00000236850
9606.ENSP00000237500/,ENSP00000237500
9606.ENSP00000237596/,ENSP00000237596
9606.ENSP00000239123/,ENSP00000239123
9606.ENSP00000239353/,ENSP00000239353
9606.ENSP00000241052/,ENSP00000241052
9606.ENSP00000242455/,ENSP00000242455
9606.ENSP00000242457/,ENSP00000242457
9606.ENSP00000245457/,ENSP00000245457
9606.ENSP00000253475/,ENSP00000253475
9606.ENSP00000256733/,ENSP00000256733
9606.ENSP00000257309/,ENSP00000257309
9606.ENSP00000258883/,ENSP00000258883
9606.ENSP00000259818/,ENSP00000259818
9606.ENSP00000260228/,ENSP00000260228
9606.ENSP00000261313/,ENSP00000261313
9606.ENSP00000261797/,ENSP00000261797
9606.ENSP00000263671/,ENSP00000263671
9606.ENSP00000264233/,ENSP00000264233
9606.ENSP00000264382/,ENSP00000264382
9606.ENSP00000265433/,ENSP00000265433
9606.ENSP00000265838/,ENSP00000265838
9606.ENSP00000266047/,ENSP00000266047
9606.ENSP00000266053/,ENSP00000266053
9606.ENSP00000266560/,ENSP00000266560
9606.ENSP00000267845/,ENSP00000267845
9606.ENSP00000268446/,ENSP00000268446
9606.ENSP00000269577/,ENSP00000269577
9606.ENSP00000269703/,ENSP00000269703
9606.ENSP00000270176/,ENSP00000270176
9606.ENSP00000271820/,ENSP00000271820
9606.ENSP00000272190/,ENSP00000272190
9606.ENSP00000273395/,ENSP00000273395
9606.ENSP00000273905/,ENSP00000273905
9606.ENSP00000273908/,ENSP00000273908
9606.ENSP00000273951/,ENSP00000273951
9606.ENSP00000274118/,ENSP00000274118
9606.ENSP00000277161/,ENSP00000277161
9606.ENSP00000280829/,ENSP00000280829
9606.ENSP00000284684/,ENSP00000284684
9606.ENSP00000286063/,ENSP00000286063
9606.ENSP00000290497/,ENSP00000290497
9606.ENSP00000290573/,ENSP00000290573
9606.ENSP00000291295/,ENSP00000291295
9606.ENSP00000292432/,ENSP00000292432
9606.ENSP00000294342/,ENSP00000294342
9606.ENSP00000294725/,ENSP00000294725
9606.ENSP00000295926/,ENSP00000295926
9606.ENSP00000296046/,ENSP00000296046
9606.ENSP00000297258/,ENSP00000297258
9606.ENSP00000297289/,ENSP00000297289
9606.ENSP00000297494/,ENSP00000297494
9606.ENSP00000298352/,ENSP00000298352
9606.ENSP00000301330/,ENSP00000301330
9606.ENSP00000303729/,ENSP00000303729
9606.ENSP00000303766/,ENSP00000303766
9606.ENSP00000304127/,ENSP00000304127
9606.ENSP00000304470/,ENSP00000304470
9606.ENSP00000304507/,ENSP00000304507
9606.ENSP00000304697/,ENSP00000304697
9606.ENSP00000304748/,ENSP00000304748
9606.ENSP00000306100/,ENSP00000306100
9606.ENSP00000307372/,ENSP00000307372
9606.ENSP00000308149/,ENSP00000308149
9606.ENSP00000308541/,ENSP00000308541
9606.ENSP00000311042/,ENSP00000311042
9606.ENSP00000313643/,ENSP00000313643
9606.ENSP00000314978/,ENSP00000314978
9606.ENSP00000315092/,ENSP00000315092
9606.ENSP00000317842/,ENSP00000317842
9606.ENSP00000318391/,ENSP00000318391
9606.ENSP00000319435/,ENSP00000319435
9606.ENSP00000319873/,ENSP00000319873
9606.ENSP00000320376/,ENSP00000320376
9606.ENSP00000321988/,ENSP00000321988
9606.ENSP00000321990/,ENSP00000321990
9606.ENSP00000324532/,ENSP00000324532
9606.ENSP00000327431/,ENSP00000327431
9606.ENSP00000327669/,ENSP00000327669
9606.ENSP00000327786/,ENSP00000327786
9606.ENSP00000328273/,ENSP00000328273
9606.ENSP00000329869/,ENSP00000329869
9606.ENSP00000330650/,ENSP00000330650
9606.ENSP00000330855/,ENSP00000330855
9606.ENSP00000331307/,ENSP00000331307
9606.ENSP00000331903/,ENSP00000331903
9606.ENSP00000332237/,ENSP00000332237
9606.ENSP00000332450/,ENSP00000332450
9606.ENSP00000332626/,ENSP00000332626
9606.ENSP00000332685/,ENSP00000332685
9606.ENSP00000332951/,ENSP00000332951
9606.ENSP00000334054/,ENSP00000334054
9606.ENSP00000334145/,ENSP00000334145
9606.ENSP00000334312/,ENSP00000334312
9606.ENSP00000334315/,ENSP00000334315
9606.ENSP00000337354/,ENSP00000337354
9606.ENSP00000337459/,ENSP00000337459
9606.ENSP00000338496/,ENSP00000338496
9606.ENSP00000339253/,ENSP00000339253
9606.ENSP00000339858/,ENSP00000339858
9606.ENSP00000339943/,ENSP00000339943
9606.ENSP00000340241/,ENSP00000340241
9606.ENSP00000340350/,ENSP00000340350
9606.ENSP00000341479/,ENSP00000341479
9606.ENSP00000341714/,ENSP00000341714
9606.ENSP00000342447/,ENSP00000342447
9606.ENSP00000343022/,ENSP00000343022
9606.ENSP00000343033/,ENSP00000343033
9606.ENSP00000343074/,ENSP00000343074
9606.ENSP00000343343/,ENSP00000343343
9606.ENSP00000344818/,ENSP00000344818
9606.ENSP00000345708/,ENSP00000345708
9606.ENSP00000346561/,ENSP00000346561
9606.ENSP00000346710/,ENSP00000346710
9606.ENSP00000347006/,ENSP00000347006
9606.ENSP00000347299/,ENSP00000347299
9606.ENSP00000347692/,ENSP00000347692
9606.ENSP00000348697/,ENSP00000348697
9606.ENSP00000348749/,ENSP00000348749
9606.ENSP00000349365/,ENSP00000349365
9606.ENSP00000349381/,ENSP00000349381
9606.ENSP00000349456/,ENSP00000349456
9606.ENSP00000350541/,ENSP00000350541
9606.ENSP00000351068/,ENSP00000351068
9606.ENSP00000351238/,ENSP00000351238
9606.ENSP00000351801/,ENSP00000351801
9606.ENSP00000352037/,ENSP00000352037
9606.ENSP00000352471/,ENSP00000352471
9606.ENSP00000352834/,ENSP00000352834
9606.ENSP00000353540/,ENSP00000353540
9606.ENSP00000354291/,ENSP00000354291
9606.ENSP00000354299/,ENSP00000354299
9606.ENSP00000354532/,ENSP00000354532
9606.ENSP00000354581/,ENSP00000354581
9606.ENSP00000354740/,ENSP00000354740
9606.ENSP00000355342/,ENSP00000355342
9606.ENSP00000355401/,ENSP00000355401
9606.ENSP00000263253/,EP300
9606.ENSP00000275815/,EPHA1
9606.ENSP00000351209/,EPHA2
9606.ENSP00000337451/,EPHA3
9606.ENSP00000281821/,EPHA4
9606.ENSP00000273854/,EPHA5
9606.ENSP00000257785/,EPHA7
9606.ENSP00000166244/,EPHA8
9606.ENSP00000327688/,EPHB1
9606.ENSP00000255580/,EPHB2
9606.ENSP00000332118/,EPHB3
9606.ENSP00000350896/,EPHB4
9606.ENSP00000222847/,EPHB6
9606.ENSP00000272167/,EPHX1
9606.ENSP00000315621/,EPHX2
9606.ENSP00000222139/,EPOR
9606.ENSP00000225371/,EPX
9606.ENSP00000269571/,ERBB2
9606.ENSP00000267101/,ERBB3
9606.ENSP00000342235/,ERBB4
9606.ENSP00000269214/,ESCO1
9606.ENSP00000267160/,ESD
9606.ENSP00000206249/,ESR1
9606.ENSP00000343925/,ESR2
9606.ENSP00000000442/,ESRRA
9606.ENSP00000261532/,ESRRB
9606.ENSP00000354584/,ESRRG
9606.ENSP00000263073/,EST1A
9606.ENSP00000266427/,ETV6
D004746/,Enoyl-CoA Hydratase
D033721/,Equilibrative Nucleoside Transporter 1
D033722/,Equilibrative-Nucleoside Transporter 2
D039562/,Eukaryotic Initiation Factor-4F
D039603/,Eukaryotic Initiation Factor-4G
D020689/,Exopeptidases
D016326/,Extracellular Matrix Proteins
D048049/,Extracellular Signal-Regulated MAP Kinases
9606.ENSP00000246496/,F10
9606.ENSP00000264691/,F11
9606.ENSP00000253496/,F12
9606.ENSP00000264870/,F13A1
9606.ENSP00000271509/,F13B
9606.ENSP00000354631/,F5
9606.ENSP00000261967/,F7
9606.ENSP00000353393/,F8
9606.ENSP00000218099/,F9
9606.ENSP00000295834/,FABP1
9606.ENSP00000274024/,FABP2
9606.ENSP00000241156/,FABP3
9606.ENSP00000256104/,FABP4
9606.ENSP00000300149/,FABP5
9606.ENSP00000312283/,FABP6
9606.ENSP00000348931/,FABP7
9606.ENSP00000278840/,FADS2
9606.ENSP00000307208/,FALZ
9606.ENSP00000238609/,FAM14A
9606.ENSP00000347979/,FAS1
9606.ENSP00000304592/,FASN
9606.ENSP00000267620/,FBLN5
9606.ENSP00000220584/,FDFT1
9606.ENSP00000292252/,FDPS
9606.ENSP00000262093/,FECH
9606.ENSP00000281092/,FER
9606.ENSP00000331504/,FES
9606.ENSP00000265029/,FETUB
9606.ENSP00000306361/,FGA
9606.ENSP00000306099/,FGB
9606.ENSP00000264498/,FGFB
9606.ENSP00000311337/,FGFR1
9606.ENSP00000350166/,FGFR2
9606.ENSP00000339824/,FGFR3
9606.ENSP00000292408/,FGFR4
9606.ENSP00000264748/,FGFRL1
9606.ENSP00000336829/,FGG
9606.ENSP00000248598/,FGL2
9606.ENSP00000205832/,FH
9606.ENSP00000297904/,FIGF
9606.ENSP00000336752/,FIP1L1
9606.ENSP00000317232/,FKBP10
9606.ENSP00000256680/,FKBP11
9606.ENSP00000222803/,FKBP14
9606.ENSP00000262925/,FKBP1A
9606.ENSP00000238793/,FKBP1B
9606.ENSP00000310935/,FKBP2
9606.ENSP00000216330/,FKBP3
9606.ENSP00000001008/,FKBP4
9606.ENSP00000349811/,FKBP5
9606.ENSP00000252037/,FKBP6
9606.ENSP00000233092/,FKBP7
9606.ENSP00000222308/,FKBP8
9606.ENSP00000242209/,FKBP9L
9606.ENSP00000326633/,FKBPL
9606.ENSP00000282397/,FLT1
9606.ENSP00000241453/,FLT3
9606.ENSP00000261937/,FLT4
9606.ENSP00000325815/,FMO1
9606.ENSP00000008553/,FMO3
9606.ENSP00000013916/,FMO4
9606.ENSP00000254090/,FMO5
9606.ENSP00000347041/,FMOD
9606.ENSP00000323534/,FN1
9606.ENSP00000338579/,FNDC3A
9606.ENSP00000256999/,FOLH1
9606.ENSP00000306245/,FOS
9606.ENSP00000245919/,FOSB
9606.ENSP00000262269/,FP17425
9606.ENSP00000259403/,FPGS
9606.ENSP00000354587/,FRAP1
9606.ENSP00000264895/,FRAS1
9606.ENSP00000280481/,FREM2
9606.ENSP00000306780/,FSHR
9606.ENSP00000273550/,FTH1
9606.ENSP00000263258/,FTL
9606.ENSP00000307530/,FTLL1
9606.ENSP00000313691/,FTMT
9606.ENSP00000268171/,FURIN
9606.ENSP00000314528/,FXYD2
9606.ENSP00000321899/,FYN
D005167/,Factor VII
D005170/,Factor X
D005174/,Factor XII
D015951/,Factor Xa
D013186/,Farnesyl-Diphosphate Farnesyltransferase
D050556/,Fatty Acid-Binding Proteins
D005293/,Ferritins
D005294/,Ferrochelatase
D005340/,Fibrinogen
9606.ENSP00000352257/,G22P1
9606.ENSP00000253801/,G6PC
9606.ENSP00000291567/,G6PD
9606.ENSP00000346310/,GAA
9606.ENSP00000023897/,GABRA1
9606.ENSP00000348897/,GABRA2
9606.ENSP00000262857/,GABRA3
9606.ENSP00000264318/,GABRA4
9606.ENSP00000335592/,GABRA5
9606.ENSP00000274545/,GABRA6
9606.ENSP00000295454/,GABRB1
9606.ENSP00000274547/,GABRB2
9606.ENSP00000299267/,GABRB3
9606.ENSP00000342957/,GABRD
9606.ENSP00000345982/,GABRE
9606.ENSP00000349000/,GABRG2
9606.ENSP00000331912/,GABRG3
9606.ENSP00000276369/,GABRQ
9606.ENSP00000275066/,GABRR1
9606.ENSP00000229606/,GABRR2
9606.ENSP00000350928/,GAD1
9606.ENSP00000259271/,GAD2
9606.ENSP00000343234/,GAL3ST1
9606.ENSP00000308591/,GAL3ST3
9606.ENSP00000353142/,GAL3ST4
9606.ENSP00000252288/,GAMT
D019922/,GAP-43 Protein
9606.ENSP00000351613/,GAP43
9606.ENSP00000290230/,GART
9606.ENSP00000314508/,GBA
9606.ENSP00000320297/,GBA2
9606.ENSP00000314501/,GBA3
9606.ENSP00000248924/,GCAT
9606.ENSP00000225916/,GCN5L2
9606.ENSP00000267857/,GCNT3
9606.ENSP00000317145/,GDNF
9606.ENSP00000323581/,GDPD2
9606.ENSP00000253408/,GFAP
9606.ENSP00000349860/,GFPT1
9606.ENSP00000253778/,GFPT2
9606.ENSP00000347591/,GFRA1
9606.ENSP00000306654/,GFRA2
9606.ENSP00000274721/,GFRA3
9606.ENSP00000313423/,GFRA4
9606.ENSP00000260118/,GGH
9606.ENSP00000337876/,GGT1
9606.ENSP00000338964/,GGTL3
9606.ENSP00000330080/,GGTLA1
9606.ENSP00000312673/,GH1
9606.ENSP00000262460/,GINS1
9606.ENSP00000282561/,GJA1
9606.ENSP00000274576/,GLRA1
9606.ENSP00000347123/,GLRA2
9606.ENSP00000264428/,GLRB
9606.ENSP00000317379/,GLS1
9606.ENSP00000310447/,GLS2
9606.ENSP00000344958/,GLUL
9606.ENSP00000274922/,GLULD1
9606.ENSP00000296893/,GLUR6
9606.ENSP00000298923/,GLYT2
9606.ENSP00000350757/,GMFB
9606.ENSP00000253054/,GMFG
9606.ENSP00000259727/,GMPR
9606.ENSP00000347449/,GMPR2
9606.ENSP00000263686/,GMRP
9606.ENSP00000286545/,GNA14
9606.ENSP00000262958/,GNA15
9606.ENSP00000312999/,GNAI2
9606.ENSP00000251336/,GNAI3
9606.ENSP00000334051/,GNAL
9606.ENSP00000302237/,GNAS
9606.ENSP00000232461/,GNAT1
9606.ENSP00000251337/,GNAT2
9606.ENSP00000248996/,GNAZ
9606.ENSP00000263750/,GNB1
9606.ENSP00000229264/,GNB3
9606.ENSP00000351635/,GNB5
9606.ENSP00000294117/,GNG3
9606.ENSP00000235553/,GNPAT
9606.ENSP00000216410/,GNPNAT1
9606.ENSP00000245206/,GOT2
9606.ENSP00000265276/,GPAM
9606.ENSP00000301149/,GPD1
9606.ENSP00000308610/,GPD2
9606.ENSP00000230036/,GPLD1
9606.ENSP00000333348/,GPR109B
9606.ENSP00000308908/,GPR148
9606.ENSP00000276084/,GPR23
9606.ENSP00000304242/,GPR37L1
9606.ENSP00000259455/,GPR51
9606.ENSP00000345282/,GPT2
9606.ENSP00000347453/,GPX1
9606.ENSP00000312968/,GPX2
9606.ENSP00000288332/,GPX3
9606.ENSP00000346103/,GPX4
9606.ENSP00000338969/,GPX5
9606.ENSP00000262661/,GPX7
9606.ENSP00000285900/,GRIA1
9606.ENSP00000264426/,GRIA2
9606.ENSP00000326000/,GRIA3
9606.ENSP00000282499/,GRIA4
9606.ENSP00000282020/,GRID2
9606.ENSP00000311646/,GRIK1
9606.ENSP00000296212/,GRIK3
9606.ENSP00000278723/,GRIK4
9606.ENSP00000301218/,GRIK5
9606.ENSP00000316696/,GRIN1
9606.ENSP00000332549/,GRIN2A
9606.ENSP00000279593/,GRIN2B
9606.ENSP00000338645/,GRIN2C
9606.ENSP00000263269/,GRIN2D
9606.ENSP00000234389/,GRIN3B
9606.ENSP00000314380/,GRINA
9606.ENSP00000267853/,GRINL1A
9606.ENSP00000282753/,GRM1
9606.ENSP00000296479/,GRM2
9606.ENSP00000355316/,GRM3
9606.ENSP00000266007/,GRM4
9606.ENSP00000306138/,GRM5
9606.ENSP00000325675/,GRM6
9606.ENSP00000354135/,GRM7
9606.ENSP00000351142/,GRM8
9606.ENSP00000222330/,GSK3A
9606.ENSP00000324806/,GSK3B
9606.ENSP00000221130/,GSR
9606.ENSP00000335620/,GSTA1
9606.ENSP00000196968/,GSTP1
D019205/,"GTP-Binding Protein alpha Subunits, Gs"
D019204/,GTP-Binding Proteins
9606.ENSP00000302728/,GUSB
9606.ENSP00000317904/,GYS1
9606.ENSP00000261195/,GYS2
9606.ENSP00000274306/,GZMA
9606.ENSP00000216341/,GZMB
9606.ENSP00000216338/,GZMH
9606.ENSP00000231009/,GZMK
9606.ENSP00000264553/,GZMM
D018093/,Gelatinases
D005087/,"Glucan 1,4-alpha-Glucosidase"
D005954/,Glucosephosphate Dehydrogenase
D005959/,Glucosidases
D005962/,Glucosylceramidase
D005966/,Glucuronidase
D014453/,Glucuronosyltransferase
D005968/,Glutamate Decarboxylase
D005974/,Glutamate-Ammonia Ligase
D005972/,Glutaminase
D005979/,Glutathione Peroxidase
D005980/,Glutathione Reductase
D005993/,Glycerolphosphate Dehydrogenase
D006006/,Glycogen Synthase
D038362/,Glycogen Synthase Kinase 3
D038341/,Glycogen Synthase Kinases
D016695/,Glycosyltransferases
D016178/,Granulocyte-Macrophage Colony-Stimulating Factor
9606.ENSP00000344507/,H2AFX
9606.ENSP00000327355/,H4/G
9606.ENSP00000054661/,H6PD
9606.ENSP00000277903/,HABP2
9606.ENSP00000288682/,HADHA
9606.ENSP00000325136/,HADHB
9606.ENSP00000222115/,HAS1
9606.ENSP00000306991/,HAS2
9606.ENSP00000304440/,HAS3
9606.ENSP00000283916/,HAT
9606.ENSP00000251595/,HBA1
9606.ENSP00000292902/,HBB
9606.ENSP00000292896/,HBE1
9606.ENSP00000338082/,HBG2
9606.ENSP00000199708/,HBQ1
9606.ENSP00000322421/,HBZ
9606.ENSP00000262651/,HCK
9606.ENSP00000271949/,HCN3
9606.ENSP00000271095/,HDAC1
9606.ENSP00000216271/,HDAC10
9606.ENSP00000295757/,HDAC11
9606.ENSP00000347104/,HDAC2
9606.ENSP00000302967/,HDAC3
9606.ENSP00000264606/,HDAC4
9606.ENSP00000334061/,HDAC6
9606.ENSP00000080059/,HDAC7A
9606.ENSP00000354431/,HDAC8
9606.ENSP00000262069/,HDAC9
9606.ENSP00000058691/,HEBP2
9606.ENSP00000264755/,HGFAC
9606.ENSP00000264542/,HHLA2
9606.ENSP00000352938/,HHLA3
9606.ENSP00000338018/,HIF1A
9606.ENSP00000351029/,HLA-A
9606.ENSP00000309392/,HLP1
9606.ENSP00000287936/,HMGCR
9606.ENSP00000322706/,HMGCS1
9606.ENSP00000256633/,HMGCS2
9606.ENSP00000216117/,HMOX1
9606.ENSP00000219700/,HMOX2
9606.ENSP00000280097/,HNMT
9606.ENSP00000283179/,HNRPU
9606.ENSP00000283921/,HOXA10
9606.ENSP00000310749/,HPCAL1
9606.ENSP00000289004/,HPD
9606.ENSP00000338793/,HPN
9606.ENSP00000349451/,HPR
9606.ENSP00000355367/,HPRT1
9606.ENSP00000308107/,HPSE
9606.ENSP00000309214/,HPSE2
9606.ENSP00000265983/,HPX
9606.ENSP00000309845/,HRAS
9606.ENSP00000342560/,HRH3
9606.ENSP00000256906/,HRH4
9606.ENSP00000284064/,HS2ST1
9606.ENSP00000002596/,HS3ST1
9606.ENSP00000330606/,HS3ST4
9606.ENSP00000293937/,HS3ST6
9606.ENSP00000259241/,HS6ST1
9606.ENSP00000324617/,HS6ST2
9606.ENSP00000302961/,HSPA4
9606.ENSP00000227378/,HSPA8
9606.ENSP00000340330/,HTATIP
9606.ENSP00000344925/,HTATIP2
9606.ENSP00000316244/,HTR1A
9606.ENSP00000257763/,HTR1B
9606.ENSP00000313661/,HTR1D
9606.ENSP00000307766/,HTR1E
9606.ENSP00000322924/,HTR1F
9606.ENSP00000261668/,HTR2A
9606.ENSP00000258400/,HTR2B
9606.ENSP00000276198/,HTR2C
9606.ENSP00000347754/,HTR3A
9606.ENSP00000260191/,HTR3B
9606.ENSP00000335511/,HTR3E
9606.ENSP00000355037/,HTR4
9606.ENSP00000287907/,HTR5A
9606.ENSP00000289753/,HTR6
9606.ENSP00000337949/,HTR7
9606.ENSP00000299020/,HTRA
D006419/,Heme Oxygenase (Decyclizing)
D006420/,Hemeproteins
D006441/,Hemoglobin A
D006442/,"Hemoglobin A, Glycosylated"
D006454/,Hemoglobins
D020962/,Heterotrimeric GTP-Binding Proteins
D006593/,Hexokinase
D006637/,Histamine N-Methyltransferase
D006655/,Histone Deacetylases
D051550/,I-kappa B Kinase
9606.ENSP00000304415/,ICA1
9606.ENSP00000264832/,ICAM1
9606.ENSP00000329537/,ID2B
9606.ENSP00000265986/,IDE
9606.ENSP00000238972/,IFIT3
9606.ENSP00000257248/,IFMH
9606.ENSP00000276927/,IFNA1
9606.ENSP00000335118/,IFNA10
9606.ENSP00000334546/,IFNA17
9606.ENSP00000321956/,IFNA2
9606.ENSP00000276915/,IFNA5
9606.ENSP00000239340/,IFNA6
9606.ENSP00000276919/,IFNA7
9606.ENSP00000239347/,IFNA8
9606.ENSP00000302523/,IFNB1
9606.ENSP00000229135/,IFNG
9606.ENSP00000276943/,IFNK
9606.ENSP00000322518/,IFNW1
9606.ENSP00000302665/,IGF1
9606.ENSP00000268035/,IGF1R
9606.ENSP00000348986/,IGF2
9606.ENSP00000349437/,IGF2R
9606.ENSP00000275525/,IGFBP1
9606.ENSP00000233809/,IGFBP2
9606.ENSP00000275521/,IGFBP3
9606.ENSP00000269593/,IGFBP4
9606.ENSP00000233813/,IGFBP5
9606.ENSP00000301464/,IGFBP6
9606.ENSP00000295666/,IGFBP7
9606.ENSP00000317172/,IGHE
9606.ENSP00000216649/,IGHM
9606.ENSP00000254801/,IGJ
9606.ENSP00000347480/,IGLC1
9606.ENSP00000329312/,IGLL1
9606.ENSP00000321245/,IGSF1
9606.ENSP00000345505/,IGSF3
9606.ENSP00000330500/,IGSF4
9606.ENSP00000316340/,IGSF4B
9606.ENSP00000222374/,IGSF4C
9606.ENSP00000268389/,IGSF6
9606.ENSP00000198587/,IGSF9
9606.ENSP00000339151/,IKBKB
9606.ENSP00000271742/,IKBKE
9606.ENSP00000263518/,IKBKG
9606.ENSP00000259152/,IL10
9606.ENSP00000303231/,IL12A
9606.ENSP00000231228/,IL12B
9606.ENSP00000304915/,IL13
9606.ENSP00000302935/,IL16
9606.ENSP00000344192/,IL17
9606.ENSP00000261796/,IL17B
9606.ENSP00000244241/,IL17C
9606.ENSP00000302924/,IL17D
9606.ENSP00000328111/,IL17E
9606.ENSP00000337432/,IL17F
9606.ENSP00000338300/,IL19
9606.ENSP00000263339/,IL1A
9606.ENSP00000263341/,IL1B
9606.ENSP00000341794/,IL1F10
9606.ENSP00000259212/,IL1F5
9606.ENSP00000259211/,IL1F6
9606.ENSP00000263326/,IL1F7
9606.ENSP00000259213/,IL1F8
9606.ENSP00000259205/,IL1F9
9606.ENSP00000226730/,IL2
9606.ENSP00000264497/,IL21
9606.ENSP00000329384/,IL22
9606.ENSP00000228534/,IL23A
9606.ENSP00000262947/,IL25
9606.ENSP00000229134/,IL26
9606.ENSP00000333639/,IL28A
9606.ENSP00000347165/,IL28B
9606.ENSP00000329991/,IL29
9606.ENSP00000281359/,IL2RA
9606.ENSP00000296870/,IL3
9606.ENSP00000008180/,IL32
9606.ENSP00000231449/,IL4
9606.ENSP00000231454/,IL5
9606.ENSP00000258743/,IL6
9606.ENSP00000338799/,IL6ST
9606.ENSP00000306512/,IL8
D007168/,IMP Dehydrogenase
9606.ENSP00000256108/,IMPA1
9606.ENSP00000345096/,IMPDH1
9606.ENSP00000321584/,IMPDH2
9606.ENSP00000303830/,INSR
9606.ENSP00000265213/,INSRR
9606.ENSP00000220849/,INT6
9606.ENSP00000258886/,IREB2
9606.ENSP00000304895/,IRS1
9606.ENSP00000329289/,IRS2
9606.ENSP00000249842/,ISLR
9606.ENSP00000262407/,ITGA2B
9606.ENSP00000287497/,ITGAM
9606.ENSP00000168977/,ITGB1BP3
9606.ENSP00000246231/,ITGB4BP
9606.ENSP00000273283/,ITIH1
9606.ENSP00000351190/,ITIH2
9606.ENSP00000273291/,ITIH3
9606.ENSP00000266041/,ITIH4
9606.ENSP00000231189/,ITK
9606.ENSP00000349597/,ITPR1
9606.ENSP00000244411/,ITPR3
D007140/,Immunoglobulin Fab Fragments
D007074/,Immunoglobulin G
D007136/,Immunoglobulins
D020104/,Immunophilins
D018970/,Insulin-Like Growth Factor Binding Protein 1
D018974/,Insulin-Like Growth Factor Binding Protein 4
D018975/,Insulin-Like Growth Factor Binding Protein 5
D018969/,Insulin-Like Growth Factor Binding Proteins
D007334/,Insulin-Like Growth Factor I
D007335/,Insulin-Like Growth Factor II
D018799/,Intercellular Adhesion Molecule-1
D007370/,Interferon Type I
D016898/,Interferon-alpha
D007372/,Interferons
D016753/,Interleukin-10
D018664/,Interleukin-12
D007376/,Interleukin-2
D015847/,Interleukin-4
D015848/,Interleukin-5
D016209/,Interleukin-8
D007378/,Interleukins
D007437/,Intrinsic Factor
D007453/,Iodide Peroxidase
D035925/,Iron-Regulatory Proteins
9606.ENSP00000294423/,JAK1
9606.ENSP00000212292/,JAK2
9606.ENSP00000222246/,JAK3
9606.ENSP00000314522/,JUN
9606.ENSP00000228858/,KCNA1
9606.ENSP00000271307/,KCNA10
9606.ENSP00000314520/,KCNA2
9606.ENSP00000313622/,KCNA3
9606.ENSP00000328511/,KCNA4
9606.ENSP00000252321/,KCNA5
9606.ENSP00000280684/,KCNA6
9606.ENSP00000221444/,KCNA7
9606.ENSP00000273475/,KCNAB1
9606.ENSP00000164247/,KCNAB2
9606.ENSP00000289405/,KCNB1
9606.ENSP00000329426/,KCNB2
9606.ENSP00000265969/,KCNC1
9606.ENSP00000340121/,KCNC2
9606.ENSP00000303282/,KCNC3
9606.ENSP00000241333/,KCNC4
9606.ENSP00000218176/,KCND1
9606.ENSP00000333496/,KCND2
9606.ENSP00000319591/,KCND3
9606.ENSP00000337255/,KCNE1
9606.ENSP00000326701/,KCNE1L
9606.ENSP00000290310/,KCNE2
9606.ENSP00000310557/,KCNE3
9606.ENSP00000281830/,KCNE4
9606.ENSP00000295082/,KCNF1
9606.ENSP00000299924/,KCNG1
9606.ENSP00000315654/,KCNG2
9606.ENSP00000312129/,KCNG4
9606.ENSP00000271751/,KCNH1
9606.ENSP00000262186/,KCNH2
9606.ENSP00000321427/,KCNH5
9606.ENSP00000318212/,KCNH6
9606.ENSP00000331727/,KCNH7
9606.ENSP00000316136/,KCNJ1
9606.ENSP00000318798/,KCNJ10
9606.ENSP00000328150/,KCNJ12
9606.ENSP00000233826/,KCNJ13
9606.ENSP00000331698/,KCNJ15
9606.ENSP00000337614/,KCNJ16
9606.ENSP00000243457/,KCNJ2
9606.ENSP00000295101/,KCNJ3
9606.ENSP00000306497/,KCNJ4
9606.ENSP00000339960/,KCNJ5
9606.ENSP00000288309/,KCNJ6
9606.ENSP00000240662/,KCNJ8
9606.ENSP00000294775/,KCNJ9
9606.ENSP00000258230/,KCNK1
9606.ENSP00000312811/,KCNK10
9606.ENSP00000327611/,KCNK12
9606.ENSP00000282146/,KCNK13
9606.ENSP00000244085/,KCNK15
9606.ENSP00000211196/,KCNK16
9606.ENSP00000244759/,KCNK17
9606.ENSP00000334650/,KCNK18
9606.ENSP00000330877/,KCNK4
9606.ENSP00000297169/,KCNK5
9606.ENSP00000263372/,KCNK6
9606.ENSP00000302166/,KCNK9
9606.ENSP00000350766/,KCNMA1
9606.ENSP00000274629/,KCNMB1
9606.ENSP00000312445/,KCNMB3
9606.ENSP00000258111/,KCNMB4
9606.ENSP00000222249/,KCNN1
9606.ENSP00000264773/,KCNN2
9606.ENSP00000271915/,KCNN3
9606.ENSP00000262888/,KCNN4
9606.ENSP00000155840/,KCNQ1
9606.ENSP00000352718/,KCNQ2
9606.ENSP00000330043/,KCNQ3
9606.ENSP00000329773/,KCNQ4
9606.ENSP00000347853/,KCNQ5
9606.ENSP00000307694/,KCNS1
9606.ENSP00000287042/,KCNS2
9606.ENSP00000305824/,KCNS3
9606.ENSP00000297404/,KCNV1
9606.ENSP00000305105/,KCNV2
9606.ENSP00000328352/,KCTD11
9606.ENSP00000263923/,KDR
9606.ENSP00000260600/,KIAA0511
9606.ENSP00000320468/,KIAA0664
9606.ENSP00000238256/,KIAA0674
9606.ENSP00000342521/,KIRREL2
9606.ENSP00000288135/,KIT
9606.ENSP00000255481/,KL
9606.ENSP00000301420/,KLK1
9606.ENSP00000337084/,KLK10
9606.ENSP00000324414/,KLK11
9606.ENSP00000250351/,KLK12
9606.ENSP00000156476/,KLK13
9606.ENSP00000156499/,KLK14
9606.ENSP00000314783/,KLK15
9606.ENSP00000313581/,KLK2
9606.ENSP00000326159/,KLK4
9606.ENSP00000301426/,KLK5
9606.ENSP00000309148/,KLK6
9606.ENSP00000337540/,KLK7
9606.ENSP00000291726/,KLK8
9606.ENSP00000264690/,KLKB1
9606.ENSP00000261597/,KNTC2
9606.ENSP00000256078/,KRAS
9606.ENSP00000301653/,KRT16
D007610/,Kallikreins
9606.ENSP00000262393/,LAK1
9606.ENSP00000301046/,LALBA
9606.ENSP00000217725/,LAMA1
9606.ENSP00000347393/,LAMA2
9606.ENSP00000230538/,LAMA4
9606.ENSP00000252999/,LAMA5
9606.ENSP00000222399/,LAMB1
9606.ENSP00000205386/,LAMB4
9606.ENSP00000258341/,LAMC1
9606.ENSP00000264144/,LAMC2
9606.ENSP00000347627/,LAMC3
9606.ENSP00000307156/,LAMS
9606.ENSP00000226299/,LAP3
9606.ENSP00000346441/,LAT
9606.ENSP00000217407/,LBP
9606.ENSP00000264005/,LCAT
9606.ENSP00000328213/,LCK
9606.ENSP00000277480/,LCN2
9606.ENSP00000264162/,LCT
9606.ENSP00000227157/,LDHA
9606.ENSP00000280706/,LDHAL6A
9606.ENSP00000302393/,LDHAL6B
9606.ENSP00000229319/,LDHB
9606.ENSP00000280704/,LDHC
9606.ENSP00000300051/,LDHD
9606.ENSP00000252444/,LDLR
9606.ENSP00000312652/,LEP
9606.ENSP00000221797/,LGALS13
9606.ENSP00000312273/,LGI4
9606.ENSP00000294954/,LHCGR
9606.ENSP00000263409/,LIFR
9606.ENSP00000299022/,LIPC
9606.ENSP00000244289/,LIPE
9606.ENSP00000238983/,LIPF
9606.ENSP00000261292/,LIPG
9606.ENSP00000353588/,LIPH
9606.ENSP00000343331/,LIPI
9606.ENSP00000282673/,LIPL3
9606.ENSP00000196061/,LLH
9606.ENSP00000328829/,LMLN
9606.ENSP00000310687/,LMNA
9606.ENSP00000261366/,LMNB1
9606.ENSP00000327054/,LMNB2
9606.ENSP00000231368/,LNPEP
9606.ENSP00000231004/,LOX
9606.ENSP00000261921/,LOXL1
9606.ENSP00000256397/,LOXL2
9606.ENSP00000264094/,LOXL3
9606.ENSP00000260702/,LOXL4
9606.ENSP00000321334/,LPA
9606.ENSP00000333346/,LPGAT1
9606.ENSP00000309757/,LPL
9606.ENSP00000262290/,LPO
9606.ENSP00000337224/,LRAT
9606.ENSP00000352183/,LRBA
9606.ENSP00000243077/,LRP1
9606.ENSP00000352601/,LRP10
9606.ENSP00000276654/,LRP12
9606.ENSP00000307314/,LRP1B
9606.ENSP00000263816/,LRP2
9606.ENSP00000354846/,LRP2BP
9606.ENSP00000253193/,LRP3
9606.ENSP00000256991/,LRP4
9606.ENSP00000294304/,LRP5
9606.ENSP00000261349/,LRP6
9606.ENSP00000303634/,LRP8
9606.ENSP00000308936/,LTA
9606.ENSP00000228740/,LTA4H
9606.ENSP00000307445/,LTB4R
9606.ENSP00000267425/,LTB4R2
9606.ENSP00000231751/,LTF
9606.ENSP00000263800/,LTK
9606.ENSP00000211373/,LY6G6D
9606.ENSP00000276497/,LYN
9606.ENSP00000219345/,LYPLA3
D045022/,Lactate Dehydrogenases
D007781/,Lactoferrin
D034904/,Lamin Type A
D034921/,Lamin Type B
D019272/,Leukocyte Elastase
D008071/,Lipoprotein Lipase
D017270/,Lipoprotein(a)
D008074/,Lipoproteins
D008075/,"Lipoproteins, HDL"
D008077/,"Lipoproteins, LDL"
D008079/,"Lipoproteins, VLDL"
D008084/,Lipoxygenase
D008233/,Lymphotoxin-alpha
9606.ENSP00000346203/,MADCAM1
9606.ENSP00000349925/,MAMDC1
9606.ENSP00000340684/,MAOA
9606.ENSP00000265833/,MAOB
9606.ENSP00000352460/,MAP2
9606.ENSP00000302486/,MAP2K1
9606.ENSP00000262948/,MAP2K2
9606.ENSP00000319139/,MAP2K3
9606.ENSP00000262445/,MAP2K4
9606.ENSP00000346493/,MAP2K5
9606.ENSP00000351997/,MAP2K6
9606.ENSP00000215832/,MAPK1
9606.ENSP00000352157/,MAPK10
9606.ENSP00000333685/,MAPK11
9606.ENSP00000215659/,MAPK12
9606.ENSP00000351092/,MAPK13
9606.ENSP00000229794/,MAPK14
9606.ENSP00000263025/,MAPK3
9606.ENSP00000269463/,MAPK4
9606.ENSP00000261845/,MAPK6
9606.ENSP00000316736/,MAPK7
9606.ENSP00000353483/,MAPK8
9606.ENSP00000345524/,MAPK9
9606.ENSP00000296280/,MASP1
9606.ENSP00000234505/,MASP2
9606.ENSP00000340020/,MATK
9606.ENSP00000254354/,MATN3
9606.ENSP00000255132/,MATN4
9606.ENSP00000352835/,MB
9606.ENSP00000265781/,MBTPS2
9606.ENSP00000286186/,MCH4
9606.ENSP00000271648/,MCL1
9606.ENSP00000291688/,MCM3AP
9606.ENSP00000264377/,MDC3
9606.ENSP00000230321/,MDFI
9606.ENSP00000257724/,MDFIC
9606.ENSP00000352852/,MDK
9606.ENSP00000346389/,MEF2A
9606.ENSP00000162023/,MEF2B
9606.ENSP00000349536/,MEF2C
9606.ENSP00000271555/,MEF2D
9606.ENSP00000288709/,MELL1
9606.ENSP00000230588/,MEP1A
9606.ENSP00000269202/,MEP1B
9606.ENSP00000317272/,MET
9606.ENSP00000296411/,METAP1
9606.ENSP00000325312/,METAP2
9606.ENSP00000350062/,MFRP
9606.ENSP00000316431/,MGAM
9606.ENSP00000351371/,MGAT
9606.ENSP00000355200/,MGEA5
9606.ENSP00000265052/,MGLL
9606.ENSP00000302111/,MGMT
9606.ENSP00000028585/,MIPEP
9606.ENSP00000277994/,MKI67
9606.ENSP00000217652/,MLCB
9606.ENSP00000231790/,MLH1
9606.ENSP00000352262/,MLL
9606.ENSP00000345834/,MLLT4
9606.ENSP00000281317/,MMAA
9606.ENSP00000266839/,MMAB
9606.ENSP00000353679/,MME
9606.ENSP00000322788/,MMP1
9606.ENSP00000279441/,MMP10
9606.ENSP00000215743/,MMP11
9606.ENSP00000320664/,MMP12
9606.ENSP00000339672/,MMP13
9606.ENSP00000346201/,MMP14
9606.ENSP00000219271/,MMP15
9606.ENSP00000286614/,MMP16
9606.ENSP00000353767/,MMP17
9606.ENSP00000313437/,MMP19
9606.ENSP00000219070/,MMP2
9606.ENSP00000348308/,MMP23A
9606.ENSP00000246186/,MMP24
9606.ENSP00000300762/,MMP26
9606.ENSP00000260229/,MMP27
9606.ENSP00000340652/,MMP28
9606.ENSP00000299855/,MMP3
9606.ENSP00000260227/,MMP7
9606.ENSP00000236826/,MMP8
9606.ENSP00000216953/,MMP9
9606.ENSP00000241903/,MMPL1
9606.ENSP00000298894/,MOAP1
9606.ENSP00000355304/,MOK
9606.ENSP00000306390/,MPN
9606.ENSP00000344419/,MPO
9606.ENSP00000000412/,MPRD
9606.ENSP00000343877/,MPRG
9606.ENSP00000289104/,MRAS
9606.ENSP00000261991/,MSK1
9606.ENSP00000262101/,MSR1
9606.ENSP00000296474/,MST1R
9606.ENSP00000290429/,MT
9606.ENSP00000333633/,MTA1
9606.ENSP00000278823/,MTA2
9606.ENSP00000315965/,MTHFR
9606.ENSP00000258874/,MTHFS
9606.ENSP00000302811/,MTNR1A
9606.ENSP00000257068/,MTNR1B
9606.ENSP00000265517/,MTP
9606.ENSP00000189978/,MUSK
9606.ENSP00000288383/,MX1
9606.ENSP00000259523/,MYC
9606.ENSP00000228644/,MYF5
9606.ENSP00000228641/,MYF6
9606.ENSP00000226207/,MYH1
9606.ENSP00000269243/,MYH10
9606.ENSP00000300036/,MYH11
9606.ENSP00000252172/,MYH13
9606.ENSP00000332036/,MYH16
9606.ENSP00000245503/,MYH2
9606.ENSP00000226209/,MYH3
9606.ENSP00000255381/,MYH4
9606.ENSP00000354976/,MYH6
9606.ENSP00000355048/,MYH7
9606.ENSP00000262873/,MYH7B
9606.ENSP00000252173/,MYH8
9606.ENSP00000351200/,MYH9
9606.ENSP00000307280/,MYL1
9606.ENSP00000228841/,MYL2
9606.ENSP00000292327/,MYL3
9606.ENSP00000301540/,MYL6
9606.ENSP00000223364/,MYL7
9606.ENSP00000279022/,MYL9
9606.ENSP00000353452/,MYLK
9606.ENSP00000217284/,MYLK2
9606.ENSP00000274203/,MYO10
9606.ENSP00000205890/,MYO15A
9606.ENSP00000293201/,MYO15B
9606.ENSP00000346291/,MYO18A
9606.ENSP00000334563/,MYO18B
9606.ENSP00000300119/,MYO1A
9606.ENSP00000306382/,MYO1B
9606.ENSP00000324527/,MYO1D
9606.ENSP00000288235/,MYO1E
9606.ENSP00000265944/,MYO3A
9606.ENSP00000263810/,MYO3B
9606.ENSP00000350945/,MYO5A
9606.ENSP00000285039/,MYO5B
9606.ENSP00000261839/,MYO5C
9606.ENSP00000349707/,MYO6
9606.ENSP00000272666/,MYO7B
9606.ENSP00000346468/,MYO9A
9606.ENSP00000314032/,MYO9B
9606.ENSP00000250003/,MYOD1
9606.ENSP00000241651/,MYOG
9606.ENSP00000219797/,MYST1
9606.ENSP00000259021/,MYST2
9606.ENSP00000265713/,MYST3
9606.ENSP00000287239/,MYST4
D016173/,Macrophage Colony-Stimulating Factor
D020781/,Matrix Metalloproteinase 1
D020778/,Matrix Metalloproteinase 2
D020780/,Matrix Metalloproteinase 9
D020782/,Matrix Metalloproteinases
D045726/,Metalloproteases
D042965/,Methylenetetrahydrofolate Reductase (NADPH2)
D019950/,Mitogen-Activated Protein Kinase 1
D020928/,Mitogen-Activated Protein Kinases
D008995/,Monoamine Oxidase
D020559/,Monomeric GTP-Binding Proteins
D014442/,Monophenol Monooxygenase
D027425/,Multidrug Resistance-Associated Proteins
D009124/,Muscle Proteins
D017570/,MyoD Protein
D018006/,Myogenic Regulatory Factors
D009211/,Myoglobin
D018995/,Myosin Heavy Chains
D018994/,Myosin Light Chains
D009219/,Myosin-Light-Chain Kinase
D043263/,Myosin-Light-Chain Phosphatase
D009218/,Myosins
9606.ENSP00000320083/,NAALAD2
9606.ENSP00000344244/,NAALADL1
D016660/,NAD(P)H Dehydrogenase (Quinone)
D009251/,NADPH-Ferrihemoprotein Reductase
9606.ENSP00000225927/,NAGLU
9606.ENSP00000310998/,NAGPA
9606.ENSP00000293404/,NAGS
9606.ENSP00000345924/,NANOS1
9606.ENSP00000341992/,NANOS3
9606.ENSP00000296543/,NARG1
9606.ENSP00000310683/,NARG1L
9606.ENSP00000335636/,NAT5
9606.ENSP00000272425/,NAT8
9606.ENSP00000350956/,NAV1
9606.ENSP00000320940/,NCOA1
9606.ENSP00000267974/,NCOA2
9606.ENSP00000262979/,NCOA3
9606.ENSP00000268712/,NCOR1
9606.ENSP00000348551/,NCOR2
9606.ENSP00000299641/,NDST2
9606.ENSP00000264363/,NDST4
9606.ENSP00000313088/,NETO1
9606.ENSP00000320318/,NEU4
9606.ENSP00000344786/,NFASC
9606.ENSP00000259562/,NFHEV
9606.ENSP00000216797/,NFKBIA
9606.ENSP00000353576/,NFX1
9606.ENSP00000256655/,NGFB
9606.ENSP00000172229/,NGFR
9606.ENSP00000253969/,NINJ1
9606.ENSP00000339283/,NLN
9606.ENSP00000339520/,NMNAT1
9606.ENSP00000258960/,NMT1
9606.ENSP00000317965/,NMT2
9606.ENSP00000327251/,NOS2A
9606.ENSP00000289547/,NPC1L1
9606.ENSP00000320324/,NPEPPS
9606.ENSP00000305386/,NPR1
9606.ENSP00000307549/,NPTX1
9606.ENSP00000265634/,NPTX2
9606.ENSP00000327545/,NPTXR
9606.ENSP00000319788/,NQO1
9606.ENSP00000337773/,NQO2
9606.ENSP00000336528/,NR1I2
9606.ENSP00000289912/,NR1I3
9606.ENSP00000320447/,NR2C2
9606.ENSP00000325819/,NR2F1
9606.ENSP00000329908/,NR2F2
9606.ENSP00000291442/,NR2F6
9606.ENSP00000231509/,NR3C1
9606.ENSP00000347441/,NR3C2
9606.ENSP00000262680/,NRD1
9606.ENSP00000349275/,NRG1
9606.ENSP00000289422/,NRG2
9606.ENSP00000303071/,NRG4
9606.ENSP00000302648/,NRTN
9606.ENSP00000245552/,NT5C
9606.ENSP00000235628/,NT5C1A
9606.ENSP00000339479/,NT5C2
9606.ENSP00000326858/,NT5C2L1
9606.ENSP00000242210/,NT5C3
9606.ENSP00000257770/,NT5E
9606.ENSP00000328738/,NTF3
9606.ENSP00000301411/,NTF5
9606.ENSP00000173229/,NTN1
9606.ENSP00000340998/,NTN4
9606.ENSP00000351486/,NTRK1
9606.ENSP00000277120/,NTRK2
9606.ENSP00000354207/,NTRK3
9606.ENSP00000341210/,NTRKR1
9606.ENSP00000266080/,NTSR1
9606.ENSP00000303686/,NTSR2
9606.ENSP00000258662/,NUDT15
9606.ENSP00000352675/,NUMA1
9606.ENSP00000346167/,NUP214
D000254/,Na(+)-K(+)-Exchanging ATPase
D009414/,Nerve Growth Factors
D019001/,Nitric Oxide Synthase
D009601/,Nitroreductases
D050484/,Norepinephrine Plasma Membrane Transport Proteins
D034521/,Nuclear Matrix-Associated Proteins
D033703/,Nucleoside Transport Proteins
D019853/,O(6)-Methylguanine-DNA Methyltransferase
9606.ENSP00000202917/,OAS1
9606.ENSP00000342278/,OAS2
9606.ENSP00000228928/,OAS3
9606.ENSP00000257570/,OASL
9606.ENSP00000224242/,OAT
9606.ENSP00000290291/,OGFR
9606.ENSP00000341535/,OGT
9606.ENSP00000309124/,OLR1
9606.ENSP00000294609/,OMA1
9606.ENSP00000247535/,OMD
9606.ENSP00000312495/,ONPEP
9606.ENSP00000234961/,OPRD1
9606.ENSP00000265572/,OPRK1
9606.ENSP00000336764/,OPRL1
9606.ENSP00000328264/,OPRM1
9606.ENSP00000277010/,OPRS1
9606.ENSP00000349711/,ORM1
9606.ENSP00000263847/,OSBP
9606.ENSP00000273142/,OSBPL10
9606.ENSP00000296220/,OSBPL11
9606.ENSP00000316649/,OSBPL2
9606.ENSP00000263650/,OSBPL5
9606.ENSP00000318723/,OSBPL6
9606.ENSP00000007414/,OSBPL7
9606.ENSP00000261183/,OSBPL8
9606.ENSP00000337265/,OSBPL9
9606.ENSP00000206542/,OSGEP
9606.ENSP00000324270/,OXTR
D009834/,"Oligo-1,6-Glucosidase"
D027361/,Organic Anion Transporters
D009955/,Ornithine Decarboxylase
D009961/,Orosomucoid
D015675/,Osteocalcin
D020168/,P-Glycoprotein
D019007/,P-Selectin
9606.ENSP00000225538/,P2RX1
9606.ENSP00000343339/,P2RX2
9606.ENSP00000263314/,P2RX3
9606.ENSP00000336607/,P2RX4
9606.ENSP00000225328/,P2RX5
9606.ENSP00000261826/,P2RX7
9606.ENSP00000338797/,P2RXL1
9606.ENSP00000304767/,P2RY1
9606.ENSP00000323872/,P2RY11
9606.ENSP00000307259/,P2RY12
9606.ENSP00000308361/,P2RY14
9606.ENSP00000328855/,P2RY2
9606.ENSP00000335289/,P2RY4
9606.ENSP00000344353/,P2RY5
9606.ENSP00000309771/,P2RY6
9606.ENSP00000307318/,P4HA1
9606.ENSP00000351611/,P4HA2
9606.ENSP00000332170/,P4HA3
9606.ENSP00000277508/,PAEP
9606.ENSP00000304006/,PAFAH1B2
9606.ENSP00000262890/,PAFAH1B3
9606.ENSP00000345063/,PAFAH2
9606.ENSP00000302768/,PAIP1
9606.ENSP00000314067/,PAK2
9606.ENSP00000330658/,PAPPA
9606.ENSP00000263529/,PAPPA2
9606.ENSP00000319814/,PCK1
9606.ENSP00000216780/,PCK2
9606.ENSP00000254983/,PCNA
9606.ENSP00000308024/,PCSK1
9606.ENSP00000262545/,PCSK2
9606.ENSP00000300954/,PCSK4
9606.ENSP00000265283/,PCSK5
9606.ENSP00000305056/,PCSK6
9606.ENSP00000352346/,PCSK7
9606.ENSP00000303208/,PCSK9
9606.ENSP00000268896/,PCTP
9606.ENSP00000287295/,PDCD8
9606.ENSP00000341187/,PDE10A
9606.ENSP00000329112/,PDE1A
9606.ENSP00000243052/,PDE1B
9606.ENSP00000284920/,PDE1C
9606.ENSP00000334910/,PDE2A
9606.ENSP00000351957/,PDE3A
9606.ENSP00000282096/,PDE3B
9606.ENSP00000270474/,PDE4A
9606.ENSP00000332116/,PDE4B
9606.ENSP00000336624/,PDE4C
9606.ENSP00000345502/,PDE4D
9606.ENSP00000347046/,PDE5A
9606.ENSP00000255266/,PDE6A
9606.ENSP00000255622/,PDE6B
9606.ENSP00000318550/,PDE6C
9606.ENSP00000287600/,PDE6D
9606.ENSP00000328412/,PDE6G
9606.ENSP00000266395/,PDE6H
9606.ENSP00000305505/,PDE7B
9606.ENSP00000311453/,PDE8A
9606.ENSP00000264917/,PDE8B
9606.ENSP00000291539/,PDE9A
9606.ENSP00000257290/,PDGFRA
9606.ENSP00000261799/,PDGFRB
9606.ENSP00000217305/,PDYN
9606.ENSP00000324248/,PENK
9606.ENSP00000269582/,PENT
9606.ENSP00000244137/,PEPD
9606.ENSP00000036971/,PEX3
9606.ENSP00000296029/,PF4
9606.ENSP00000226524/,PF4V1
9606.ENSP00000289537/,PFKFB1
9606.ENSP00000271749/,PFKFB2
9606.ENSP00000321149/,PFKFB3
9606.ENSP00000232375/,PFKFB4
9606.ENSP00000322192/,PGA5
9606.ENSP00000256315/,PGF
9606.ENSP00000252603/,PGLS
9606.ENSP00000252813/,PGPEP1
9606.ENSP00000325120/,PGR
9606.ENSP00000323863/,PHEX
9606.ENSP00000257821/,PHF21A
9606.ENSP00000309430/,PIGS
9606.ENSP00000279036/,PIGT
9606.ENSP00000247970/,PIN1
9606.ENSP00000218432/,PIN4
9606.ENSP00000224949/,PITRM1
9606.ENSP00000309591/,PKACA
9606.ENSP00000262304/,PKD1
9606.ENSP00000335272/,PKD1L3
9606.ENSP00000271946/,PKLR
9606.ENSP00000334983/,PKM2
9606.ENSP00000262300/,PKMYT1
9606.ENSP00000291906/,PKN3
9606.ENSP00000273371/,PLA1A
9606.ENSP00000261659/,PLA2G10
9606.ENSP00000243501/,PLA2G12A
9606.ENSP00000312286/,PLA2G1B
9606.ENSP00000328224/,PLA2G2A
9606.ENSP00000235867/,PLA2G2D
9606.ENSP00000248017/,PLA2G2E
9606.ENSP00000255573/,PLA2G2F
9606.ENSP00000215885/,PLA2G3
9606.ENSP00000264143/,PLA2G4A
9606.ENSP00000342785/,PLA2G4B
9606.ENSP00000346228/,PLA2G4C
9606.ENSP00000290472/,PLA2G4D
9606.ENSP00000235865/,PLA2G5
9606.ENSP00000333142/,PLA2G6
9606.ENSP00000274793/,PLA2G7
9606.ENSP00000220809/,PLAT
9606.ENSP00000242464/,PLAU
9606.ENSP00000330729/,PLB1
9606.ENSP00000338185/,PLCB1
9606.ENSP00000260402/,PLCB2
9606.ENSP00000279230/,PLCB3
9606.ENSP00000334105/,PLCB4
9606.ENSP00000335600/,PLCD1
9606.ENSP00000251959/,PLCD4
9606.ENSP00000260766/,PLCE1
9606.ENSP00000244007/,PLCG1
9606.ENSP00000352336/,PLCG2
9606.ENSP00000335469/,PLCL3
9606.ENSP00000332833/,PLCXD1
9606.ENSP00000318869/,PLCXD2
9606.ENSP00000333751/,PLCXD3
9606.ENSP00000266505/,PLCZ1
9606.ENSP00000342793/,PLD1
9606.ENSP00000263088/,PLD2
9606.ENSP00000241669/,PLG
9606.ENSP00000332335/,PLGLB1
9606.ENSP00000350132/,PLN
9606.ENSP00000282903/,PLOD2
9606.ENSP00000223127/,PLOD3
9606.ENSP00000324909/,PMF1
9606.ENSP00000249269/,PMPCB
9606.ENSP00000277888/,PNLIP
9606.ENSP00000298769/,PNLIPRP1
9606.ENSP00000298771/,PNLIPRP2
9606.ENSP00000337701/,PNPLA2
9606.ENSP00000314415/,POLA
9606.ENSP00000265421/,POLB
9606.ENSP00000262266/,POLD1
9606.ENSP00000223361/,POLD2
9606.ENSP00000263681/,POLD3
9606.ENSP00000322570/,POLE
9606.ENSP00000216367/,POLE2
9606.ENSP00000277334/,POLE3
9606.ENSP00000268124/,POLG
9606.ENSP00000217800/,POLI
9606.ENSP00000335141/,POLM
9606.ENSP00000222381/,PON1
9606.ENSP00000222572/,PON2
9606.ENSP00000265302/,POR
9606.ENSP00000294390/,PPAP2B
9606.ENSP00000262735/,PPARA
9606.ENSP00000353916/,PPARD
9606.ENSP00000287820/,PPARG
9606.ENSP00000264867/,PPARGC1A
9606.ENSP00000296028/,PPBP
9606.ENSP00000191018/,PPGB
9606.ENSP00000300026/,PPIB
9606.ENSP00000303057/,PPIC
9606.ENSP00000303754/,PPID
9606.ENSP00000312769/,PPIE
9606.ENSP00000225174/,PPIF
9606.ENSP00000260970/,PPIG
9606.ENSP00000244367/,PPIL1
9606.ENSP00000334553/,PPIL2
9606.ENSP00000286175/,PPIL3
9606.ENSP00000332352/,PPIL6
9606.ENSP00000261207/,PPP1R12A
9606.ENSP00000337897/,PPP1R12B
9606.ENSP00000254079/,PPP1R1B
9606.ENSP00000320510/,PPP1R9B
9606.ENSP00000240139/,PPP3CC
9606.ENSP00000295121/,PPP3R1
9606.ENSP00000225992/,PPY
9606.ENSP00000262746/,PRDX1
9606.ENSP00000298510/,PRDX3
9606.ENSP00000319964/,PRDX4
9606.ENSP00000265462/,PRDX5
9606.ENSP00000229430/,PREP
9606.ENSP00000260648/,PREPL
9606.ENSP00000352458/,PRGB
9606.ENSP00000294393/,PRKAA2
9606.ENSP00000319504/,PRKACB
9606.ENSP00000297734/,PRKACG
9606.ENSP00000226090/,PRKAR1A
9606.ENSP00000296446/,PRKAR2A
9606.ENSP00000265717/,PRKAR2B
9606.ENSP00000284384/,PRKCA
9606.ENSP00000305355/,PRKCB1
9606.ENSP00000263431/,PRKCG
9606.ENSP00000252455/,PRKCSH
9606.ENSP00000332522/,PRKG1
9606.ENSP00000264399/,PRKG2
9606.ENSP00000317835/,PRLR
9606.ENSP00000264998/,PRO1400
9606.ENSP00000260780/,PRO2222
9606.ENSP00000271331/,PROK1
9606.ENSP00000330021/,PROS1
9606.ENSP00000296498/,PRSS12
9606.ENSP00000230582/,PRSS16
9606.ENSP00000318568/,PRSS2
9606.ENSP00000161006/,PRSS22
9606.ENSP00000280258/,PRSS23
9606.ENSP00000011477/,PRSS3
9606.ENSP00000275040/,PRSS35
9606.ENSP00000268281/,PRSS36
9606.ENSP00000284885/,PRSS7
9606.ENSP00000319730/,PRSS8
9606.ENSP00000234347/,PRTN3
9606.ENSP00000277070/,PSAT1
9606.ENSP00000315309/,PSMA1
9606.ENSP00000223321/,PSMA2
9606.ENSP00000216455/,PSMA3
9606.ENSP00000044462/,PSMA4
9606.ENSP00000271308/,PSMA5
9606.ENSP00000261479/,PSMA6
9606.ENSP00000217153/,PSMA7
9606.ENSP00000311121/,PSMA8
9606.ENSP00000262193/,PSMB1
9606.ENSP00000246311/,PSMB2
9606.ENSP00000225426/,PSMB3
9606.ENSP00000290541/,PSMB4
9606.ENSP00000355325/,PSMB5
9606.ENSP00000270586/,PSMB6
9606.ENSP00000259457/,PSMB7
9606.ENSP00000307358/,PSMB8
9606.ENSP00000229815/,PSMB9
9606.ENSP00000292644/,PSMC2
9606.ENSP00000298852/,PSMC3
9606.ENSP00000157812/,PSMC4
9606.ENSP00000309474/,PSMD1
9606.ENSP00000333811/,PSMD13
9606.ENSP00000263639/,PSMD14
9606.ENSP00000290517/,PSMD4
9606.ENSP00000215071/,PSMD8
9606.ENSP00000261817/,PSMD9
9606.ENSP00000293362/,PSME3
9606.ENSP00000185162/,PSME4
9606.ENSP00000259845/,PSORS1C2
9606.ENSP00000292513/,PTGER1
9606.ENSP00000345004/,PTGER3
9606.ENSP00000302846/,PTGER4
9606.ENSP00000241946/,PTGFR
9606.ENSP00000291294/,PTGIR
9606.ENSP00000244043/,PTGIS
9606.ENSP00000354612/,PTGS1
9606.ENSP00000186982/,PTGS2
9606.ENSP00000341189/,PTK2
9606.ENSP00000332816/,PTK2B
9606.ENSP00000295718/,PTPRN
9606.ENSP00000348408/,PTPRT
D010196/,Pancreatic Elastase
D010434/,Pepsin A
D010448/,Peptide Initiation Factors
D007703/,Peptidyl-Dipeptidase A
D019696/,Peptidylprolyl Isomerase
D009195/,Peroxidase
D010544/,Peroxidases
D010625/,Phenylethanolamine N-Methyltransferase
D007862/,Phosphatidylcholine-Sterol O-Acyltransferase
D025481/,Phosphofructokinase-2
D010738/,Phospholipase C
D010739/,Phospholipase D
D010740/,Phospholipases
D010749/,Phosphoprotein Phosphatase
D051026/,Phosphoribosylglycinamide Formyltransferase
D010727/,Phosphoric Diester Hydrolases
D010744/,Phosphoric Monoester Hydrolases
D044345/,Phosphoric Triester Hydrolases
D010958/,Plasminogen
D017395/,Plasminogen Activator Inhibitor 1
D010960/,Plasminogen Activators
D010978/,Platelet Factor 4
D015221/,Potassium Channels
D011228/,Prealbumin
D011288/,Prekallikrein
D011347/,Procollagen
D008240/,"Procollagen-Lysine, 2-Oxoglutarate 5-Dioxygenase"
D011393/,Procollagen-Proline Dioxygenase
D018809/,Proliferating Cell Nuclear Antigen
D011451/,Prostaglandin-Endoperoxide Synthases
D017430/,Prostate-Specific Antigen
D046988/,Proteasome Endopeptidase Complex
D011505/,Protein-Tyrosine Kinases
D011516/,Prothrombin
D019908/,Proto-Oncogene Proteins c-raf
D037662/,Pulmonary Surfactant-Associated Protein A
D011683/,Purine-Nucleoside Phosphorylase
D011770/,Pyruvate Kinase
9606.ENSP00000344829/,QPCT
D011808/,Quinone Reductases
9606.ENSP00000348461/,RAC1
9606.ENSP00000350725/,RAD17
9606.ENSP00000267868/,RAD51
9606.ENSP00000305577/,RAD52
9606.ENSP00000251849/,RAF1
9606.ENSP00000019317/,RALBP1
D018946/,RANTES
9606.ENSP00000340274/,RAP2C
9606.ENSP00000307272/,RAPTOR
9606.ENSP00000264330/,RARB
9606.ENSP00000332695/,RARG
9606.ENSP00000237696/,RARRES1
9606.ENSP00000223271/,RARRES2
9606.ENSP00000255688/,RARRES3
9606.ENSP00000225688/,RASD1
9606.ENSP00000267163/,RB1
9606.ENSP00000025008/,RB1CC1
9606.ENSP00000324228/,RBP7
9606.ENSP00000352904/,RDH14
9606.ENSP00000344798/,RET
9606.ENSP00000221515/,RETN
9606.ENSP00000351697/,REV3L
9606.ENSP00000262316/,RHBDF1
9606.ENSP00000262187/,RHEB
9606.ENSP00000301068/,RHEBL1
9606.ENSP00000354222/,RHOA
9606.ENSP00000272233/,RHOB
9606.ENSP00000271940/,RIT
9606.ENSP00000295640/,RNPEP
9606.ENSP00000261523/,RORA
9606.ENSP00000355068/,RORB
9606.ENSP00000263808/,ROS1
9606.ENSP00000263698/,RPA2
9606.ENSP00000294189/,RPL29
9606.ENSP00000346006/,RPS6
9606.ENSP00000263975/,RPS6KA1
9606.ENSP00000265678/,RPS6KA2
9606.ENSP00000316010/,RPS6KA3
9606.ENSP00000294261/,RPS6KA4
9606.ENSP00000262752/,RPS6KA6
9606.ENSP00000225577/,RPS6KB1
9606.ENSP00000308413/,RPS6KB2
9606.ENSP00000259161/,RPS6KC1
9606.ENSP00000317895/,RPTN
9606.ENSP00000299759/,RRAD
9606.ENSP00000246792/,RRAS
9606.ENSP00000300738/,RRM1
9606.ENSP00000302955/,RRM2
9606.ENSP00000251810/,RRM2B
9606.ENSP00000216101/,RRP22
9606.ENSP00000335676/,RXRA
9606.ENSP00000230234/,RXRB
9606.ENSP00000352900/,RXRG
9606.ENSP00000296084/,RYK
9606.ENSP00000352608/,RYR1
9606.ENSP00000353174/,RYR2
9606.ENSP00000354852/,RYR3
D020794/,Receptor Protein-Tyrosine Kinases
D044140/,"Receptor, Angiotensin, Type 1"
D011958/,"Receptor, Epidermal Growth Factor"
D017526/,"Receptor, IGF Type 1"
D011972/,"Receptor, Insulin"
D018091/,"Receptors, AMPA"
D011941/,"Receptors, Adrenergic"
D011942/,"Receptors, Adrenergic, alpha"
D018340/,"Receptors, Adrenergic, alpha-1"
D018341/,"Receptors, Adrenergic, alpha-2"
D011943/,"Receptors, Adrenergic, beta"
D018342/,"Receptors, Adrenergic, beta-1"
D018343/,"Receptors, Adrenergic, beta-2"
D022702/,"Receptors, Adrenergic, beta-3"
D017459/,"Receptors, Amino Acid"
D011944/,"Receptors, Androgen"
D011945/,"Receptors, Angiotensin"
D017982/,"Receptors, Biogenic Amine"
D018002/,"Receptors, Bradykinin"
D043882/,"Receptors, Cannabinoid"
D011949/,"Receptors, Cholecystokinin"
D011950/,"Receptors, Cholinergic"
D011954/,"Receptors, Dopamine"
D017447/,"Receptors, Dopamine D1"
D017448/,"Receptors, Dopamine D2"
D050638/,"Receptors, Dopamine D4"
D011960/,"Receptors, Estrogen"
D011962/,"Receptors, FSH"
D018079/,"Receptors, GABA"
D011963/,"Receptors, GABA-A"
D018080/,"Receptors, GABA-B"
D011965/,"Receptors, Glucocorticoid"
D017470/,"Receptors, Glutamate"
D018009/,"Receptors, Glycine"
D017978/,"Receptors, Growth Factor"
D011968/,"Receptors, Histamine"
D011969/,"Receptors, Histamine H1"
D011970/,"Receptors, Histamine H2"
D018100/,"Receptors, Histamine H3"
D018092/,"Receptors, Kainic Acid"
D011973/,"Receptors, LDL"
D011974/,"Receptors, LH"
D018077/,"Receptors, Leukotriene"
D018110/,"Receptors, Lipoprotein"
D044094/,"Receptors, Melatonin"
D018094/,"Receptors, Metabotropic Glutamate"
D018161/,"Receptors, Mineralocorticoid"
D011976/,"Receptors, Muscarinic"
D016194/,"Receptors, N-Methyl-D-Aspartate"
D018040/,"Receptors, Neurokinin-1"
D018028/,"Receptors, Neurotensin"
D011978/,"Receptors, Nicotinic"
D011957/,"Receptors, Opioid"
D017465/,"Receptors, Opioid, delta"
D017473/,"Receptors, Opioid, kappa"
D017450/,"Receptors, Opioid, mu"
D018045/,"Receptors, Oxytocin"
D017479/,"Receptors, Platelet-Derived Growth Factor"
D011980/,"Receptors, Progesterone"
D011981/,"Receptors, Prolactin"
D011982/,"Receptors, Prostaglandin"
D018078/,"Receptors, Prostaglandin E"
D011983/,"Receptors, Purinergic"
D018047/,"Receptors, Purinergic P1"
D018168/,"Receptors, Retinoic Acid"
D051116/,"Receptors, Scavenger"
D011985/,"Receptors, Serotonin"
D044406/,"Receptors, Serotonin, 5-HT3"
D011987/,"Receptors, Steroid"
D017482/,"Receptors, Thromboxane"
D018025/,"Receptors, Thyrotropin-Releasing Hormone"
D011990/,"Receptors, Transferrin"
D017483/,"Receptors, Vasopressin"
D012083/,Renin
D016160/,Retinoblastoma Protein
D012264/,Ribonucleotide Reductases
D019893/,Ribosomal Protein S6 Kinases
D012269/,Ribosomal Proteins
D019837/,Ryanodine Receptor Calcium Release Channel
D009418/,S100 Proteins
9606.ENSP00000292169/,S100A1
9606.ENSP00000350693/,S100A10
9606.ENSP00000271638/,S100A11
9606.ENSP00000295383/,S100A12
9606.ENSP00000344822/,S100A13
9606.ENSP00000340463/,S100A14
9606.ENSP00000347697/,S100A2
9606.ENSP00000344329/,S100A3
9606.ENSP00000352148/,S100A5
9606.ENSP00000349740/,S100A6
9606.ENSP00000329008/,S100A7L1
9606.ENSP00000271846/,S100A8
9606.ENSP00000295382/,S100A9
9606.ENSP00000291700/,S100B
9606.ENSP00000296370/,S100P
9606.ENSP00000320430/,S100Z
9606.ENSP00000308762/,SAA1
9606.ENSP00000278207/,SAA3P
9606.ENSP00000278222/,SAA4
9606.ENSP00000292123/,SAFB
9606.ENSP00000252542/,SAFB2
9606.ENSP00000269724/,SAMD1
9606.ENSP00000296504/,SAP30
9606.ENSP00000264896/,SCARB2
9606.ENSP00000263071/,SCARF1
9606.ENSP00000266214/,SCARF2
9606.ENSP00000329956/,SCN10A
9606.ENSP00000262631/,SCN1B
9606.ENSP00000283254/,SCN3A
9606.ENSP00000299333/,SCN3B
9606.ENSP00000006839/,SCN4A
9606.ENSP00000322460/,SCN4B
9606.ENSP00000328968/,SCN5A
9606.ENSP00000353158/,SCN7A
9606.ENSP00000353292/,SCNN1A
9606.ENSP00000302874/,SCNN1B
9606.ENSP00000321594/,SCNN1D
9606.ENSP00000300061/,SCNN1G
9606.ENSP00000176195/,SCT
9606.ENSP00000215812/,SEC14L3
9606.ENSP00000325142/,SEC23IP
9606.ENSP00000331736/,SELE
9606.ENSP00000331376/,SERHL
9606.ENSP00000348068/,SERPINA1
9606.ENSP00000261981/,SERPINA3
9606.ENSP00000342850/,SERPINA6
9606.ENSP00000329374/,SERPINA7
9606.ENSP00000299502/,SERPINB2
9606.ENSP00000236260/,SERPINC1
9606.ENSP00000215727/,SERPIND1
9606.ENSP00000223095/,SERPINE1
9606.ENSP00000321853/,SERPINF2
9606.ENSP00000278407/,SERPING1
9606.ENSP00000353720/,SES1
9606.ENSP00000306352/,SFTPB
9606.ENSP00000316152/,SFTPC
9606.ENSP00000295211/,SGCB
9606.ENSP00000250080/,SHBG
9606.ENSP00000336919/,SHC1
9606.ENSP00000248566/,SHFM1
9606.ENSP00000262866/,SLA2
9606.ENSP00000350561/,SLAP1
9606.ENSP00000216540/,SLC10A1
9606.ENSP00000245312/,SLC10A2
9606.ENSP00000273861/,SLC10A4
9606.ENSP00000262051/,SLC11A2
9606.ENSP00000219891/,SLC12A1
9606.ENSP00000262461/,SLC12A2
9606.ENSP00000318557/,SLC12A4
9606.ENSP00000323632/,SLC12A8
9606.ENSP00000275730/,SLC12A9
9606.ENSP00000279027/,SLC13A3
9606.ENSP00000285753/,SLC16A1
9606.ENSP00000315439/,SLC16A10
9606.ENSP00000310490/,SLC16A11
9606.ENSP00000295190/,SLC16A14
9606.ENSP00000276033/,SLC16A2
9606.ENSP00000342335/,SLC16A3
9606.ENSP00000336573/,SLC16A7
9606.ENSP00000298215/,SLC16A9
9606.ENSP00000311506/,SLC17A5
9606.ENSP00000263160/,SLC17A6
9606.ENSP00000221485/,SLC17A7
9606.ENSP00000316909/,SLC17A8
9606.ENSP00000276373/,SLC18A1
9606.ENSP00000298472/,SLC18A2
9606.ENSP00000342819/,SLC18A3
9606.ENSP00000308895/,SLC19A1
9606.ENSP00000262352/,SLC1A1
9606.ENSP00000278379/,SLC1A2
9606.ENSP00000265113/,SLC1A3
9606.ENSP00000234256/,SLC1A4
9606.ENSP00000303623/,SLC1A5
9606.ENSP00000353017/,SLC1A6
9606.ENSP00000287857/,SLC1A7
9606.ENSP00000301891/,SLC22A11
9606.ENSP00000301893/,SLC22A12
9606.ENSP00000353597/,SLC22A6
9606.ENSP00000350513/,SLC22A7
9606.ENSP00000311463/,SLC22A8
9606.ENSP00000279178/,SLC22A9
9606.ENSP00000261892/,SLC24A1
9606.ENSP00000344801/,SLC24A2
9606.ENSP00000333519/,SLC24A3
9606.ENSP00000298877/,SLC24A4
9606.ENSP00000341550/,SLC24A5
9606.ENSP00000202831/,SLC24A6
9606.ENSP00000342267/,SLC25A15
9606.ENSP00000239451/,SLC25A2
9606.ENSP00000326305/,SLC25A20
9606.ENSP00000264088/,SLC25A23
9606.ENSP00000352167/,SLC25A29
9606.ENSP00000281456/,SLC25A4
9606.ENSP00000005593/,SLC25A5
9606.ENSP00000306222/,SLC25A6
9606.ENSP00000345873/,SLC26A3
9606.ENSP00000309504/,SLC26A7
9606.ENSP00000348434/,SLC26A8
9606.ENSP00000341682/,SLC26A9
9606.ENSP00000319152/,SLC29A1
9606.ENSP00000309614/,SLC29A2
9606.ENSP00000346799/,SLC29A3
9606.ENSP00000270929/,SLC2A1
9606.ENSP00000323568/,SLC2A2
9606.ENSP00000320935/,SLC2A4
9606.ENSP00000247138/,SLC35A2
9606.ENSP00000243389/,SLC36A1
9606.ENSP00000334223/,SLC36A2
9606.ENSP00000334750/,SLC36A3
9606.ENSP00000321263/,SLC38A1
9606.ENSP00000256689/,SLC38A2
9606.ENSP00000344151/,SLC38A3
9606.ENSP00000266579/,SLC38A4
9606.ENSP00000201920/,SLC38A5
9606.ENSP00000346959/,SLC38A6
9606.ENSP00000260649/,SLC3A1
9606.ENSP00000340815/,SLC3A2
9606.ENSP00000261024/,SLC40A1
9606.ENSP00000301335/,SLC43A2
9606.ENSP00000349189/,SLC43A3
9606.ENSP00000262418/,SLC4A1
9606.ENSP00000290352/,SLC4A11
9606.ENSP00000323837/,SLC4A1AP
9606.ENSP00000273063/,SLC4A3
9606.ENSP00000287766/,SLC6A1
9606.ENSP00000228777/,SLC6A12
9606.ENSP00000339260/,SLC6A13
9606.ENSP00000219833/,SLC6A2
9606.ENSP00000270349/,SLC6A3
9606.ENSP00000261707/,SLC6A4
9606.ENSP00000340324/,SLC7A1
9606.ENSP00000253188/,SLC7A10
9606.ENSP00000280612/,SLC7A11
9606.ENSP00000297524/,SLC7A13
9606.ENSP00000004531/,SLC7A2
9606.ENSP00000261622/,SLC7A5
9606.ENSP00000219343/,SLC7A6
9606.ENSP00000285850/,SLC7A7
9606.ENSP00000320378/,SLC7A8
9606.ENSP00000023064/,SLC7A9
9606.ENSP00000332931/,SLC8A1
9606.ENSP00000236877/,SLC8A2
9606.ENSP00000350560/,SLC8A3
9606.ENSP00000263980/,SLC9A1
9606.ENSP00000233969/,SLC9A2
9606.ENSP00000264938/,SLC9A3
9606.ENSP00000299798/,SLC9A5
9606.ENSP00000354847/,SLC9A6
9606.ENSP00000163256/,SLC9A7
9606.ENSP00000354966/,SLC9A8
9606.ENSP00000320246/,SLC9A9
9606.ENSP00000197278/,SLCO1A2
9606.ENSP00000256958/,SLCO1B1
9606.ENSP00000261196/,SLCO1B3
9606.ENSP00000266509/,SLCO1C1
9606.ENSP00000311291/,SLCO2A1
9606.ENSP00000289575/,SLCO2B1
9606.ENSP00000320634/,SLCO3A1
9606.ENSP00000217159/,SLCO4A1
9606.ENSP00000309741/,SLCO4C1
9606.ENSP00000246515/,SLURP1
9606.ENSP00000340409/,SMPD1
9606.ENSP00000258052/,SMPD2
9606.ENSP00000219334/,SMPD3
9606.ENSP00000309517/,SMPDL3A
9606.ENSP00000317525/,SOAT1
9606.ENSP00000301466/,SOAT2
9606.ENSP00000267814/,SORD
9606.ENSP00000260197/,SORL1
9606.ENSP00000256637/,SORT1
9606.ENSP00000329357/,SP1
9606.ENSP00000343023/,SP100
9606.ENSP00000310301/,SP3
9606.ENSP00000233025/,SPCS1
9606.ENSP00000204566/,SPG21
9606.ENSP00000268704/,SPG7
9606.ENSP00000296695/,SPINK1
9606.ENSP00000237623/,SPP1
9606.ENSP00000262554/,SPTLC1
9606.ENSP00000216484/,SPTLC2
9606.ENSP00000217206/,SPTLC2L
9606.ENSP00000353950/,SRC
9606.ENSP00000275560/,SRCRB4D
9606.ENSP00000274192/,SRD5A1
9606.ENSP00000233139/,SRD5A2
9606.ENSP00000355169/,SREBF2
9606.ENSP00000217188/,SRMS
9606.ENSP00000269298/,SSAT2
9606.ENSP00000350198/,SSTR2
9606.ENSP00000330138/,SSTR3
9606.ENSP00000293897/,SSTR5
9606.ENSP00000278742/,ST14
9606.ENSP00000294984/,ST16
9606.ENSP00000218089/,STAG2
9606.ENSP00000341208/,STAT5A
9606.ENSP00000350864/,STMN3
9606.ENSP00000342538/,STMN4
9606.ENSP00000217961/,STS
9606.ENSP00000075503/,STYK1
9606.ENSP00000260128/,SULF1
9606.ENSP00000354083/,SULF2
9606.ENSP00000338742/,SULT1A2
9606.ENSP00000308770/,SULT1B1
9606.ENSP00000319622/,SULT1C1
9606.ENSP00000272452/,SULT1C2
9606.ENSP00000226444/,SULT1E1
9606.ENSP00000222002/,SULT2A1
9606.ENSP00000201586/,SULT2B1
9606.ENSP00000332565/,SULT4A1
9606.ENSP00000260637/,SULT6B1
9606.ENSP00000344322/,SVCT2
D012697/,Serine Endopeptidases
D050486/,Serotonin Plasma Membrane Transport Proteins
D012709/,Serum Albumin
D012738/,Sex Hormone-Binding Globulin
D015222/,Sodium Channels
D019831/,Sodium-Calcium Exchanger
D017923/,Sodium-Hydrogen Antiporter
D028021/,Sodium-Potassium-Chloride Symporters
D013230/,Stearoyl-CoA Desaturase
D013252/,Steroid 11-beta-Hydroxylase
D013253/,Steroid 12-alpha-Hydroxylase
D013254/,Steroid 17-alpha-Hydroxylase
D013255/,Steroid 21-Hydroxylase
D043266/,Steryl-Sulfatase
D013393/,Sucrase
D015238/,Sulfotransferases
9606.ENSP00000303522/,TACR1
9606.ENSP00000263735/,TACSTD1
9606.ENSP00000320676/,TAP1
9606.ENSP00000266556/,TAPBPL
9606.ENSP00000338624/,TASP1
9606.ENSP00000348234/,TAT
9606.ENSP00000225525/,TAX1BP3
9606.ENSP00000217964/,TBL1X
9606.ENSP00000328879/,TBL1Y
9606.ENSP00000248419/,TBXA2R
9606.ENSP00000338087/,TBXAS1
9606.ENSP00000215838/,TCN2
9606.ENSP00000281525/,TDO2
9606.ENSP00000267546/,TDP1
9606.ENSP00000218149/,TE2
9606.ENSP00000258070/,TEC
9606.ENSP00000346578/,TEK
9606.ENSP00000309572/,TERT
9606.ENSP00000233156/,TFPI
9606.ENSP00000223051/,TFR2
9606.ENSP00000265238/,TFRC
9606.ENSP00000220616/,TG
9606.ENSP00000295400/,TGFA
9606.ENSP00000262458/,TGFBR1
9606.ENSP00000206765/,TGM1
9606.ENSP00000355330/,TGM2
9606.ENSP00000216934/,TGM3
9606.ENSP00000296125/,TGM4
9606.ENSP00000220420/,TGM5
9606.ENSP00000202625/,TGM6
9606.ENSP00000290687/,TGM7
9606.ENSP00000325831/,TH
9606.ENSP00000315029/,THBD
9606.ENSP00000304467/,THOP1
9606.ENSP00000262908/,TIE1
9606.ENSP00000301634/,TK1
9606.ENSP00000299697/,TK2
9606.ENSP00000061240/,TLL1
9606.ENSP00000350630/,TLL2
9606.ENSP00000296795/,TLR3
9606.ENSP00000346893/,TLR4
9606.ENSP00000349736/,TLR7
9606.ENSP00000312082/,TLR8
9606.ENSP00000330330/,TMPRSS2
9606.ENSP00000330264/,TMPRSS9
9606.ENSP00000265131/,TNC
9606.ENSP00000229681/,TNF
9606.ENSP00000297350/,TNFRSF11B
9606.ENSP00000329425/,TNK2
9606.ENSP00000232975/,TNNC
9606.ENSP00000217452/,TNNC2
9606.ENSP00000355066/,TNNI1
9606.ENSP00000252898/,TNNI2
9606.ENSP00000341838/,TNNI3
9606.ENSP00000322251/,TNNI3K
9606.ENSP00000291901/,TNNT1
9606.ENSP00000236918/,TNNT2
9606.ENSP00000263525/,TNR
9606.ENSP00000299669/,TNXB
9606.ENSP00000343901/,TOM1L1
9606.ENSP00000354522/,TOP1
9606.ENSP00000328835/,TOP1MT
9606.ENSP00000264331/,TOP2B
9606.ENSP00000353166/,TOP3A
9606.ENSP00000215840/,TOP3B
9606.ENSP00000269305/,TP53
9606.ENSP00000343550/,TPH1
9606.ENSP00000329093/,TPH2
9606.ENSP00000312304/,TPMT
9606.ENSP00000257342/,TPP2
9606.ENSP00000343577/,TPSB2
9606.ENSP00000211076/,TPSD1
9606.ENSP00000302413/,TPST1
9606.ENSP00000264029/,TREH
9606.ENSP00000264101/,TREK
9606.ENSP00000261180/,TRHDE
9606.ENSP00000309818/,TRHR
9606.ENSP00000238349/,TRIM32
9606.ENSP00000351857/,TRNP48
9606.ENSP00000251607/,TRNT1
9606.ENSP00000262209/,TRPA1
D050916/,TRPV Cation Channels
9606.ENSP00000311692/,TRPV1
9606.ENSP00000342222/,TRPV2
9606.ENSP00000301365/,TRPV3
9606.ENSP00000261740/,TRPV4
9606.ENSP00000265310/,TRPV5
9606.ENSP00000352358/,TRPV6
9606.ENSP00000295927/,TSG14
9606.ENSP00000326598/,TSP50
9606.ENSP00000231238/,TTC1
9606.ENSP00000260116/,TTPA
9606.ENSP00000237014/,TTR
9606.ENSP00000248437/,TUBA1
9606.ENSP00000295766/,TUBA4
9606.ENSP00000318575/,TUBA8
9606.ENSP00000315759/,TUBAL3
9606.ENSP00000217133/,TUBB1
9606.ENSP00000259799/,TUBB2
9606.ENSP00000248151/,TUBB4Q
9606.ENSP00000264071/,TUBB5
9606.ENSP00000320797/,TUBD1
9606.ENSP00000199712/,TUBE1
9606.ENSP00000251413/,TUBG1
9606.ENSP00000264316/,TXK
9606.ENSP00000353329/,TXNRD3
9606.ENSP00000264818/,TYK2
9606.ENSP00000315644/,TYMS
9606.ENSP00000263321/,TYR
9606.ENSP00000263798/,TYRO3
D022021/,Tacrolimus Binding Proteins
D013741/,Testosterone 5-alpha-Reductase
D013762/,Tetrahydrofolate Dehydrogenase
D013917/,Thrombin
D018180/,Thrombomodulin
D013925/,Thromboplastin
D013930/,Thromboxane-A Synthase
D013937/,Thymidine Kinase
D013939/,Thymidine Phosphorylase
D013940/,Thymidylate Synthase
D010959/,Tissue Plasminogen Activator
D000637/,Transaminases
D014156/,Transcortin
D018808/,Transcription Factor AP-1
D014168/,Transferrin
D014336/,Troponin
D019210/,Troponin I
D014357/,Trypsin
D014365/,Tryptophan Hydroxylase
D014366/,Tryptophan Oxygenase
D014404/,Tubulin
D014446/,Tyrosine 3-Monooxygenase
D014444/,Tyrosine Transaminase
9606.ENSP00000341176/,UBA52
9606.ENSP00000320872/,UBD
9606.ENSP00000262999/,UCP1
9606.ENSP00000312029/,UCP2
9606.ENSP00000323740/,UCP3
9606.ENSP00000319501/,UGDH
9606.ENSP00000327082/,UGT1A5
9606.ENSP00000286604/,UGT2A1
9606.ENSP00000265403/,UGT2B10
9606.ENSP00000311792/,UGT2B15
9606.ENSP00000320401/,UGT2B17
9606.ENSP00000334276/,UGT2B28
9606.ENSP00000305221/,UGT2B4
9606.ENSP00000304811/,UGT2B7
9606.ENSP00000232607/,UMPS
9606.ENSP00000330032/,UPP1
9606.ENSP00000005756/,UPP2
9606.ENSP00000305941/,USH2A
9606.ENSP00000265363/,UST
D025801/,Ubiquitin
D014543/,Uridine Phosphorylase
D014568/,Urinary Plasminogen Activator
9606.ENSP00000245932/,VASP
9606.ENSP00000294728/,VCAM1
9606.ENSP00000211998/,VCL
9606.ENSP00000229022/,VDR
9606.ENSP00000317598/,VEGF
9606.ENSP00000311127/,VEGFB
9606.ENSP00000280193/,VEGFC
9606.ENSP00000217420/,VGAT
9606.ENSP00000349623/,VIM
9606.ENSP00000300851/,VKOR
9606.ENSP00000327160/,VLDLR
9606.ENSP00000271137/,VMD2L2
9606.ENSP00000304590/,VPREB1
9606.ENSP00000286089/,VSIG4
9606.ENSP00000226218/,VTN
9606.ENSP00000261405/,VWF
D019010/,Vascular Cell Adhesion Molecule-1
D042461/,Vascular Endothelial Growth Factor A
D050492/,Vesicular Biogenic Amine Transport Proteins
D050493/,Vesicular Monoamine Transport Proteins
D014746/,Vimentin
D016596/,Vinculin
D014809/,Vitamin D-Binding Protein
9606.ENSP00000265753/,WBSCR1
9606.ENSP00000351446/,WDR5
9606.ENSP00000271401/,XCL1
9606.ENSP00000271402/,XCL2
9606.ENSP00000289041/,XDH
9606.ENSP00000324827/,XE7
9606.ENSP00000051619/,XKR1
9606.ENSP00000324011/,XPNPEP1
9606.ENSP00000241572/,XPNPEP2
9606.ENSP00000306591/,XPV
9606.ENSP00000352271/,XRCC2
D014968/,Xanthine Dehydrogenase
9606.ENSP00000327433/,Y1
9606.ENSP00000347875/,YES1
9606.ENSP00000318480/,YME1L1
9606.ENSP00000302851/,YSPL3
9606.ENSP00000264972/,ZAP70
9606.ENSP00000294983/,ZCYTO10
9606.ENSP00000317804/,ZDHHC8
9606.ENSP00000345074/,ZDHHC9
9606.ENSP00000337159/,ZFYVE16
9606.ENSP00000196805/,ZMPSTE24
9606.ENSP00000321650/,ZNF384
D000509/,alpha-Fetoproteins
D000520/,alpha-Glucosidases
D019745/,cis-trans-Isomerases
D005723/,gamma-Glutamyltransferase
D048051/,p38 Mitogen-Activated Protein Kinases
D018631/,ras Proteins
D020742/,rhoA GTP-Binding Protein
D014841/,von Willebrand Factor
